[20Dec2025 17:19:18.834] [main/INFO] [cpw.mods.modlauncher.Launcher/MODLAUNCHER]: ModLauncher running: args [--launchTarget, forgeserver, --fml.forgeVersion, 47.3.7, --fml.mcVersion, 1.20.1, --fml.forgeGroup, net.minecraftforge, --fml.mcpVersion, 20230612.114412, nogui]
[20Dec2025 17:19:18.838] [main/INFO] [cpw.mods.modlauncher.Launcher/MODLAUNCHER]: ModLauncher 10.0.9+10.0.9+main.dcd20f30 starting: java version 17.0.17 by Ubuntu; OS Linux arch amd64 version 6.8.0-1030-azure
[20Dec2025 17:19:19.424] [main/INFO] [net.minecraftforge.fml.loading.ImmediateWindowHandler/]: ImmediateWindowProvider not loading because launch target is forgeserver
[20Dec2025 17:19:19.482] [main/INFO] [mixin/]: SpongePowered MIXIN Subsystem Version=0.8.5 Source=union:/workspaces/NARCISO/servidor_minecraft/libraries/org/spongepowered/mixin/0.8.5/mixin-0.8.5.jar%2365!/ Service=ModLauncher Env=SERVER
[20Dec2025 17:19:19.906] [main/WARN] [net.minecraftforge.fml.loading.moddiscovery.ModFileParser/LOADING]: Mod file /workspaces/NARCISO/servidor_minecraft/libraries/net/minecraftforge/fmlcore/1.20.1-47.3.7/fmlcore-1.20.1-47.3.7.jar is missing mods.toml file
[20Dec2025 17:19:19.907] [main/WARN] [net.minecraftforge.fml.loading.moddiscovery.ModFileParser/LOADING]: Mod file /workspaces/NARCISO/servidor_minecraft/libraries/net/minecraftforge/javafmllanguage/1.20.1-47.3.7/javafmllanguage-1.20.1-47.3.7.jar is missing mods.toml file
[20Dec2025 17:19:19.908] [main/WARN] [net.minecraftforge.fml.loading.moddiscovery.ModFileParser/LOADING]: Mod file /workspaces/NARCISO/servidor_minecraft/libraries/net/minecraftforge/lowcodelanguage/1.20.1-47.3.7/lowcodelanguage-1.20.1-47.3.7.jar is missing mods.toml file
[20Dec2025 17:19:19.917] [main/WARN] [net.minecraftforge.fml.loading.moddiscovery.ModFileParser/LOADING]: Mod file /workspaces/NARCISO/servidor_minecraft/libraries/net/minecraftforge/mclanguage/1.20.1-47.3.7/mclanguage-1.20.1-47.3.7.jar is missing mods.toml file
[20Dec2025 17:19:20.387] [main/WARN] [net.minecraftforge.jarjar.selection.JarSelector/]: Attempted to select two dependency jars from JarJar which have the same identification: Mod File:  and Mod File: . Using Mod File: 
[20Dec2025 17:19:20.388] [main/INFO] [net.minecraftforge.fml.loading.moddiscovery.JarInJarDependencyLocator/]: Found 13 dependencies adding them to mods collection
[20Dec2025 17:19:23.211] [main/INFO] [mixin/]: Compatibility level set to JAVA_17
[20Dec2025 17:19:23.543] [main/INFO] [mixin/]: Successfully loaded Mixin Connector [ca.spottedleaf.starlight.mixin.MixinConnector]
[20Dec2025 17:19:23.544] [main/INFO] [mixin/]: Successfully loaded Mixin Connector [de.maxhenkel.camera.MixinConnector]
[20Dec2025 17:19:23.546] [main/INFO] [cpw.mods.modlauncher.LaunchServiceHandler/MODLAUNCHER]: Launching target 'forgeserver' with arguments [nogui]
[20Dec2025 17:19:23.700] [main/INFO] [ModernFix/]: Loaded configuration file for ModernFix 5.21.0+mc1.20.1: 88 options available, 0 override(s) found
[20Dec2025 17:19:23.701] [main/INFO] [ModernFix/]: Applying Nashorn fix
[20Dec2025 17:19:23.719] [main/INFO] [ModernFix/]: Applied Forge config corruption patch
[20Dec2025 17:19:23.881] [main/WARN] [mixin/]: Reference map 'mixins.block_factorys_bosses.refmap.json' for mixins.block_factorys_bosses.json could not be read. If this is a development environment you can ignore this message
[20Dec2025 17:19:25.382] [main/ERROR] [net.minecraftforge.fml.loading.RuntimeDistCleaner/DISTXFORM]: Attempted to load class net/minecraft/client/gui/screens/Screen for invalid dist DEDICATED_SERVER
[20Dec2025 17:19:25.383] [main/WARN] [mixin/]: Error loading class: net/minecraft/client/gui/screens/Screen (java.lang.RuntimeException: Attempted to load class net/minecraft/client/gui/screens/Screen for invalid dist DEDICATED_SERVER)
[20Dec2025 17:19:25.383] [main/WARN] [mixin/]: @Mixin target net.minecraft.client.gui.screens.Screen was not found relics.mixins.json:ScreenMixin
[20Dec2025 17:19:25.685] [main/WARN] [mixin/]: Error loading class: dev/shadowsoffire/apotheosis/ench/table/ApothEnchantmentMenu (java.lang.ClassNotFoundException: dev.shadowsoffire.apotheosis.ench.table.ApothEnchantmentMenu)
[20Dec2025 17:19:25.685] [main/WARN] [mixin/]: @Mixin target dev.shadowsoffire.apotheosis.ench.table.ApothEnchantmentMenu was not found origins_classes.mixins.json:common.apotheosis.ApotheosisEnchantmentMenuMixin
[20Dec2025 17:19:25.700] [main/WARN] [mixin/]: Error loading class: se/mickelus/tetra/blocks/workbench/WorkbenchTile (java.lang.ClassNotFoundException: se.mickelus.tetra.blocks.workbench.WorkbenchTile)
[20Dec2025 17:19:25.701] [main/WARN] [mixin/]: @Mixin target se.mickelus.tetra.blocks.workbench.WorkbenchTile was not found origins_classes.mixins.json:common.tetra.WorkbenchTileMixin
[20Dec2025 17:19:25.828] [main/WARN] [mixin/]: Error loading class: noobanidus/mods/lootr/config/ConfigManager (java.lang.ClassNotFoundException: noobanidus.mods.lootr.config.ConfigManager)
[20Dec2025 17:19:25.829] [main/WARN] [mixin/]: @Mixin target noobanidus.mods.lootr.config.ConfigManager was not found quark_integrations.mixins.json:lootr.ConfigManagerMixin
[20Dec2025 17:19:26.103] [main/INFO] [MixinExtras|Service/]: Initializing MixinExtras via com.llamalad7.mixinextras.service.MixinExtrasServiceImpl(version=0.4.1).
[20Dec2025 17:19:26.628] [main/INFO] [net.minecraft.server.Bootstrap/]: ModernFix reached bootstrap stage (10.24 s after launch)
[20Dec2025 17:19:26.757] [main/WARN] [mixin/]: @Final field delegatesByName:Ljava/util/Map; in modernfix-forge.mixins.json:perf.forge_registry_alloc.ForgeRegistryMixin should be final
[20Dec2025 17:19:26.758] [main/WARN] [mixin/]: @Final field delegatesByValue:Ljava/util/Map; in modernfix-forge.mixins.json:perf.forge_registry_alloc.ForgeRegistryMixin should be final
[20Dec2025 17:19:27.590] [main/INFO] [ModernFix/]: Injecting BlockStateBase cache population hook into getOpacityIfCached from ca.spottedleaf.starlight.mixin.common.blockstate.BlockStateBaseMixin
[20Dec2025 17:19:27.590] [main/INFO] [ModernFix/]: Injecting BlockStateBase cache population hook into isConditionallyFullOpaque from ca.spottedleaf.starlight.mixin.common.blockstate.BlockStateBaseMixin
[20Dec2025 17:19:28.636] [main/INFO] [net.minecraft.server.Bootstrap/]: Vanilla bootstrap took 2003 milliseconds
[20Dec2025 17:19:32.112] [modloading-worker-0/INFO] [KnightLib/]: The following content usage has been enabled: ALL
[20Dec2025 17:19:32.237] [modloading-worker-0/INFO] [chloride/Main]: Chloride is not intended to be on servers, loaded in inner mode
[20Dec2025 17:19:32.740] [modloading-worker-0/INFO] [dev.architectury.networking.forge.NetworkManagerImpl/]: Registering C2S receiver with id architectury:sync_ids
[20Dec2025 17:19:32.744] [modloading-worker-0/INFO] [dev.architectury.networking.forge.NetworkManagerImpl/]: Registering C2S receiver with id artifacts:networking_channel/42a7ad70b1cc371599a0eff744096b8a
[20Dec2025 17:19:32.746] [modloading-worker-0/INFO] [dev.architectury.networking.forge.NetworkManagerImpl/]: Registering C2S receiver with id artifacts:networking_channel/74a5e841822a3a87854ae896a33430d6
[20Dec2025 17:19:32.750] [modloading-worker-0/INFO] [dev.architectury.networking.forge.NetworkManagerImpl/]: Registering C2S receiver with id artifacts:networking_channel/eb3d1e2748533430848cadf0f37c7e9c
[20Dec2025 17:19:32.754] [modloading-worker-0/INFO] [dev.architectury.networking.forge.NetworkManagerImpl/]: Registering C2S receiver with id artifacts:networking_channel/91c8520f19f93b3e8b6a727568e194ab
[20Dec2025 17:19:32.756] [modloading-worker-0/INFO] [dev.architectury.networking.forge.NetworkManagerImpl/]: Registering C2S receiver with id artifacts:networking_channel/8c2784d778293fd482ed84b8aa5fedb9
[20Dec2025 17:19:32.760] [modloading-worker-0/INFO] [dev.architectury.networking.forge.NetworkManagerImpl/]: Registering C2S receiver with id artifacts:networking_channel/ea038224ea783d40b2863f52239e2604
[20Dec2025 17:19:32.763] [modloading-worker-0/INFO] [dev.architectury.networking.forge.NetworkManagerImpl/]: Registering C2S receiver with id artifacts:networking_channel/97ad64b7ecaf33209991c4f031501a58
[20Dec2025 17:19:32.993] [modloading-worker-0/INFO] [io.github.apace100.apoli.Apoli/]: Apoli 1.20.1-2.9.0.8 has initialized. Ready to power up your game!
[20Dec2025 17:19:33.197] [modloading-worker-0/INFO] [net.minecraftforge.common.ForgeMod/FORGEMOD]: Forge mod loading, version 47.3.7, for MC 1.20.1 with MCP 20230612.114412
[20Dec2025 17:19:33.200] [modloading-worker-0/INFO] [net.minecraftforge.common.MinecraftForge/FORGE]: MinecraftForge v47.3.7 Initialized
[20Dec2025 17:19:33.774] [modloading-worker-0/INFO] [Calio/]: Calio 1.20.1-1.11.0.5 initializing...
[20Dec2025 17:19:33.816] [modloading-worker-0/INFO] [io.github.apace100.origins.Origins/]: Origins 1.20.1-1.10.0.9 is initializing. Have fun!
[20Dec2025 17:19:33.870] [modloading-worker-0/INFO] [dev.limonblaze.originsclasses.OriginsClasses/]: Origins:Classes 1.2.1 has initialized. Time for work!
[20Dec2025 17:19:34.132] [modloading-worker-0/INFO] [zeta/]: Doing super early config setup for zeta
[20Dec2025 17:19:34.151] [modloading-worker-0/INFO] [quark/]: Initializing TerraBlender underground biome compat
[20Dec2025 17:19:34.281] [modloading-worker-0/INFO] [dev.architectury.networking.forge.NetworkManagerImpl/]: Registering C2S receiver with id ftblibrary:edit_nbt_response
[20Dec2025 17:19:34.290] [modloading-worker-0/INFO] [com.cupboard.Cupboard/]: Loaded config for: cupboard.json
[20Dec2025 17:19:34.452] [modloading-worker-0/INFO] [quark-zeta/]: Discovered 164 modules to load.
[20Dec2025 17:19:34.458] [modloading-worker-0/INFO] [quark-zeta/]: Constructing module Abacus...
[20Dec2025 17:19:34.482] [modloading-worker-0/INFO] [quark-zeta/]: Constructing module Adjustable Chat...
[20Dec2025 17:19:34.486] [modloading-worker-0/INFO] [quark-zeta/]: Constructing module Ambient Discs...
[20Dec2025 17:19:34.489] [modloading-worker-0/INFO] [quark-zeta/]: Constructing module Ancient Tomes...
[20Dec2025 17:19:34.511] [modloading-worker-0/INFO] [quark-zeta/]: Constructing module Ancient Wood...
[20Dec2025 17:19:34.545] [modloading-worker-0/INFO] [quark-zeta/]: Constructing module Armed Armor Stands...
[20Dec2025 17:19:34.545] [modloading-worker-0/INFO] [quark-zeta/]: Constructing module Auto Walk Keybind...
[20Dec2025 17:19:34.546] [modloading-worker-0/INFO] [quark-zeta/]: Constructing module Automatic Recipe Unlock...
[20Dec2025 17:19:34.546] [modloading-worker-0/INFO] [quark-zeta/]: Constructing module Automatic Tool Restock...
[20Dec2025 17:19:34.553] [modloading-worker-0/INFO] [quark-zeta/]: Constructing module Azalea Wood...
[20Dec2025 17:19:34.555] [modloading-worker-0/INFO] [quark-zeta/]: Constructing module Back Button Keybind...
[20Dec2025 17:19:34.561] [modloading-worker-0/INFO] [quark-zeta/]: Constructing module Backpack...
[20Dec2025 17:19:34.568] [modloading-worker-0/INFO] [quark-zeta/]: Constructing module Beacon Redirection...
[20Dec2025 17:19:34.569] [modloading-worker-0/INFO] [quark-zeta/]: Constructing module Better Elytra Rocket...
[20Dec2025 17:19:34.570] [modloading-worker-0/INFO] [quark-zeta/]: Constructing module Big Stone Clusters...
[20Dec2025 17:19:34.580] [modloading-worker-0/INFO] [quark-zeta/]: Constructing module Blossom Trees...
[20Dec2025 17:19:34.585] [modloading-worker-0/INFO] [quark-zeta/]: Constructing module Bottled Cloud...
[20Dec2025 17:19:34.590] [modloading-worker-0/INFO] [be.florens.expandability.ExpandAbility/]: ExpandAbility here, who dis?
[20Dec2025 17:19:34.591] [modloading-worker-0/INFO] [quark-zeta/]: Constructing module Buckets Show Inhabitants...
[20Dec2025 17:19:34.593] [modloading-worker-0/INFO] [quark-zeta/]: Constructing module Camera...
[20Dec2025 17:19:34.594] [modloading-worker-0/INFO] [quark-zeta/]: Constructing module Campfires Boost Elytra...
[20Dec2025 17:19:34.599] [modloading-worker-0/INFO] [quark-zeta/]: Constructing module Celebratory Lamps...
[20Dec2025 17:19:34.600] [modloading-worker-0/INFO] [quark-zeta/]: Constructing module Chains Connect Blocks...
[20Dec2025 17:19:34.600] [modloading-worker-0/INFO] [quark-zeta/]: Constructing module Chest Searching...
[20Dec2025 17:19:34.603] [modloading-worker-0/INFO] [quark-zeta/]: Constructing module Chorus Vegetation...
[20Dec2025 17:19:34.609] [modloading-worker-0/INFO] [quark-zeta/]: Constructing module Chute...
[20Dec2025 17:19:34.613] [modloading-worker-0/INFO] [quark-zeta/]: Constructing module Climate Control Remover...
[20Dec2025 17:19:34.614] [modloading-worker-0/INFO] [quark-zeta/]: Constructing module Color Runes...
[20Dec2025 17:19:34.618] [modloading-worker-0/INFO] [quark-zeta/]: Constructing module Compasses Work Everywhere...
[20Dec2025 17:19:34.621] [modloading-worker-0/INFO] [quark-zeta/]: Constructing module Compressed Blocks...
[20Dec2025 17:19:34.623] [modloading-worker-0/INFO] [quark-zeta/]: Constructing module Coral On Cactus...
[20Dec2025 17:19:34.624] [modloading-worker-0/INFO] [quark-zeta/]: Constructing module Corundum...
[20Dec2025 17:19:34.652] [modloading-worker-0/INFO] [quark-zeta/]: Constructing module Crabs...
[20Dec2025 17:19:34.656] [modloading-worker-0/INFO] [quark-zeta/]: Constructing module Crafter...
[20Dec2025 17:19:34.658] [modloading-worker-0/INFO] [quark-zeta/]: Constructing module Crate...
[20Dec2025 17:19:34.660] [modloading-worker-0/INFO] [quark-zeta/]: Constructing module Diamond Repair...
[20Dec2025 17:19:34.667] [modloading-worker-0/INFO] [quark-zeta/]: Constructing module Dispensers Place Blocks...
[20Dec2025 17:19:34.672] [modloading-worker-0/INFO] [quark-zeta/]: Constructing module Double Door Opening...
[20Dec2025 17:19:34.672] [modloading-worker-0/INFO] [quark-zeta/]: Constructing module Dragon Scales...
[20Dec2025 17:19:34.673] [modloading-worker-0/INFO] [quark-zeta/]: Constructing module Duskbound Blocks...
[20Dec2025 17:19:34.675] [modloading-worker-0/INFO] [quark-zeta/]: Constructing module Dyeable Item Frames...
[20Dec2025 17:19:34.676] [modloading-worker-0/INFO] [quark-zeta/]: Constructing module Easy Transfering...
[20Dec2025 17:19:34.677] [modloading-worker-0/INFO] [quark-zeta/]: Constructing module Elytra Indicator...
[20Dec2025 17:19:34.677] [modloading-worker-0/INFO] [quark-zeta/]: Constructing module Emotes...
[20Dec2025 17:19:34.679] [modloading-worker-0/INFO] [quark-zeta/]: Constructing module Enchantment Predicates...
[20Dec2025 17:19:34.681] [modloading-worker-0/INFO] [quark-zeta/]: Constructing module Enchantments Begone...
[20Dec2025 17:19:34.682] [modloading-worker-0/INFO] [quark-zeta/]: Constructing module Ender Watcher...
[20Dec2025 17:19:34.685] [modloading-worker-0/INFO] [quark-zeta/]: Constructing module Endermosh Music Disc...
[20Dec2025 17:19:34.685] [modloading-worker-0/INFO] [quark-zeta/]: Constructing module Enhanced Ladders...
[20Dec2025 17:19:34.687] [modloading-worker-0/INFO] [quark-zeta/]: Constructing module Expanded Item Interactions...
[20Dec2025 17:19:34.689] [modloading-worker-0/INFO] [quark-zeta/]: Constructing module Fairy Rings...
[20Dec2025 17:19:34.691] [modloading-worker-0/INFO] [quark-zeta/]: Constructing module Fallen Logs...
[20Dec2025 17:19:34.695] [modloading-worker-0/INFO] [quark-zeta/]: Constructing module Feeding Trough...
[20Dec2025 17:19:34.703] [modloading-worker-0/INFO] [quark-zeta/]: Constructing module Forgotten...
[20Dec2025 17:19:34.714] [modloading-worker-0/INFO] [quark-zeta/]: Constructing module Foxhound...
[20Dec2025 17:19:34.716] [modloading-worker-0/INFO] [quark-zeta/]: Constructing module Framed Glass...
[20Dec2025 17:19:34.717] [modloading-worker-0/INFO] [quark-zeta/]: Constructing module Game Nerfs...
[20Dec2025 17:19:34.719] [modloading-worker-0/INFO] [quark-zeta/]: Constructing module Glass Item Frame...
[20Dec2025 17:19:34.723] [modloading-worker-0/INFO] [quark-zeta/]: Constructing module Glass Shard...
[20Dec2025 17:19:34.724] [modloading-worker-0/INFO] [quark-zeta/]: Constructing module Glimmering Weald...
[20Dec2025 17:19:34.739] [modloading-worker-0/INFO] [quark-zeta/]: Constructing module Gold Bars...
[20Dec2025 17:19:34.741] [modloading-worker-0/INFO] [quark-zeta/]: Constructing module Gold Tools Have Fortune...
[20Dec2025 17:19:34.743] [modloading-worker-0/INFO] [quark-zeta/]: Constructing module Grab Chickens...
[20Dec2025 17:19:34.744] [modloading-worker-0/INFO] [quark-zeta/]: Constructing module Grate...
[20Dec2025 17:19:34.749] [modloading-worker-0/INFO] [quark-zeta/]: Constructing module Gravisand...
[20Dec2025 17:19:34.751] [modloading-worker-0/INFO] [quark-zeta/]: Constructing module Greener Grass...
[20Dec2025 17:19:34.755] [modloading-worker-0/INFO] [quark-zeta/]: Constructing module Hedges...
[20Dec2025 17:19:34.759] [modloading-worker-0/INFO] [quark-zeta/]: Constructing module Hoe Harvesting...
[20Dec2025 17:19:34.760] [modloading-worker-0/INFO] [quark-zeta/]: Constructing module Hollow Logs...
[20Dec2025 17:19:34.761] [modloading-worker-0/INFO] [quark-zeta/]: Constructing module Horses Swim...
[20Dec2025 17:19:34.763] [modloading-worker-0/INFO] [quark-zeta/]: Constructing module Hotbar Changer...
[20Dec2025 17:19:34.764] [modloading-worker-0/INFO] [quark-zeta/]: Constructing module Improved Sponges...
[20Dec2025 17:19:34.765] [modloading-worker-0/INFO] [quark-zeta/]: Constructing module Improved Tooltips...
[20Dec2025 17:19:34.768] [modloading-worker-0/INFO] [quark-zeta/]: Constructing module Industrial Palette...
[20Dec2025 17:19:34.773] [modloading-worker-0/INFO] [quark-zeta/]: Constructing module Inventory Sorting...
[20Dec2025 17:19:34.774] [modloading-worker-0/INFO] [quark-zeta/]: Constructing module Iron Rod...
[20Dec2025 17:19:34.786] [modloading-worker-0/INFO] [quark-zeta/]: Constructing module Item Sharing...
[20Dec2025 17:19:34.787] [modloading-worker-0/INFO] [quark-zeta/]: Constructing module Japanese Palette...
[20Dec2025 17:19:34.787] [modloading-worker-0/INFO] [quark-zeta/]: Constructing module Leaf Carpet...
[20Dec2025 17:19:34.789] [modloading-worker-0/INFO] [quark-zeta/]: Constructing module Lock Rotation...
[20Dec2025 17:19:34.790] [modloading-worker-0/INFO] [quark-zeta/]: Constructing module Long Range Pick Block...
[20Dec2025 17:19:34.790] [modloading-worker-0/INFO] [quark-zeta/]: Constructing module Magma Keeps Concrete Powder...
[20Dec2025 17:19:34.790] [modloading-worker-0/INFO] [quark-zeta/]: Constructing module Magnets...
[20Dec2025 17:19:34.795] [modloading-worker-0/INFO] [quark-zeta/]: Constructing module Map Washing...
[20Dec2025 17:19:34.795] [modloading-worker-0/INFO] [quark-zeta/]: Constructing module Matrix Enchanting...
[20Dec2025 17:19:34.802] [modloading-worker-0/INFO] [quark-zeta/]: Constructing module Metal Buttons...
[20Dec2025 17:19:34.802] [modloading-worker-0/INFO] [quark-zeta/]: Constructing module Microcrafting Helper...
[20Dec2025 17:19:34.803] [modloading-worker-0/INFO] [quark-zeta/]: Constructing module Midori...
[20Dec2025 17:19:34.803] [modloading-worker-0/INFO] [quark-zeta/]: Constructing module Monster Box...
[20Dec2025 17:19:34.804] [modloading-worker-0/INFO] [quark-zeta/]: Constructing module More Banner Layers...
[20Dec2025 17:19:34.804] [modloading-worker-0/INFO] [quark-zeta/]: Constructing module More Brick Types...
[20Dec2025 17:19:34.805] [modloading-worker-0/INFO] [quark-zeta/]: Constructing module More Mud Blocks...
[20Dec2025 17:19:34.805] [modloading-worker-0/INFO] [quark-zeta/]: Constructing module More Note Block Sounds...
[20Dec2025 17:19:34.806] [modloading-worker-0/INFO] [quark-zeta/]: Constructing module More Potted Plants...
[20Dec2025 17:19:34.806] [modloading-worker-0/INFO] [quark-zeta/]: Constructing module More Villagers...
[20Dec2025 17:19:34.807] [modloading-worker-0/INFO] [quark-zeta/]: Constructing module Narrator Readout...
[20Dec2025 17:19:34.807] [modloading-worker-0/INFO] [quark-zeta/]: Constructing module Nether Brick Fence Gate...
[20Dec2025 17:19:34.807] [modloading-worker-0/INFO] [quark-zeta/]: Constructing module Nether Obsidian Spikes...
[20Dec2025 17:19:34.808] [modloading-worker-0/INFO] [quark-zeta/]: Constructing module New Stone Types...
[20Dec2025 17:19:34.813] [modloading-worker-0/INFO] [quark-zeta/]: Constructing module No Durability On Cosmetics...
[20Dec2025 17:19:34.814] [modloading-worker-0/INFO] [quark-zeta/]: Constructing module No More Lava Pockets...
[20Dec2025 17:19:34.814] [modloading-worker-0/INFO] [quark-zeta/]: Constructing module Obsidian Plate...
[20Dec2025 17:19:34.817] [modloading-worker-0/INFO] [quark-zeta/]: Constructing module Overlay Shader...
[20Dec2025 17:19:34.818] [modloading-worker-0/INFO] [quark-zeta/]: Constructing module Parrot Eggs...
[20Dec2025 17:19:34.818] [modloading-worker-0/INFO] [quark-zeta/]: Constructing module Pat The Dogs...
[20Dec2025 17:19:34.820] [modloading-worker-0/INFO] [quark-zeta/]: Constructing module Pathfinder Maps...
[20Dec2025 17:19:34.827] [modloading-worker-0/INFO] [quark-zeta/]: Constructing module Permafrost...
[20Dec2025 17:19:34.827] [modloading-worker-0/INFO] [quark-zeta/]: Constructing module Petals On Water...
[20Dec2025 17:19:34.829] [modloading-worker-0/INFO] [quark-zeta/]: Constructing module Pickarang...
[20Dec2025 17:19:34.830] [modloading-worker-0/INFO] [quark-zeta/]: Constructing module Pig Litters...
[20Dec2025 17:19:34.831] [modloading-worker-0/INFO] [quark-zeta/]: Constructing module Pipes...
[20Dec2025 17:19:34.836] [modloading-worker-0/INFO] [quark-zeta/]: Constructing module Pistons Move Tile Entities...
[20Dec2025 17:19:34.837] [modloading-worker-0/INFO] [quark-zeta/]: Constructing module Poison Potato Usage...
[20Dec2025 17:19:34.838] [modloading-worker-0/INFO] [quark-zeta/]: Constructing module Quick Armor Swapping...
[20Dec2025 17:19:34.838] [modloading-worker-0/INFO] [quark-zeta/]: Constructing module Rainbow Lamps...
[20Dec2025 17:19:34.839] [modloading-worker-0/INFO] [quark-zeta/]: Constructing module Raw Metal Bricks...
[20Dec2025 17:19:34.839] [modloading-worker-0/INFO] [quark-zeta/]: Constructing module Reacharound Placing...
[20Dec2025 17:19:34.840] [modloading-worker-0/INFO] [quark-zeta/]: Constructing module Redstone Randomizer...
[20Dec2025 17:19:34.841] [modloading-worker-0/INFO] [quark-zeta/]: Constructing module Renewable Spore Blossoms...
[20Dec2025 17:19:34.842] [modloading-worker-0/INFO] [quark-zeta/]: Constructing module Replace Scaffolding...
[20Dec2025 17:19:34.842] [modloading-worker-0/INFO] [quark-zeta/]: Constructing module Rope...
[20Dec2025 17:19:34.847] [modloading-worker-0/INFO] [quark-zeta/]: Constructing module Safer Creatures...
[20Dec2025 17:19:34.847] [modloading-worker-0/INFO] [quark-zeta/]: Constructing module Seed Pouch...
[20Dec2025 17:19:34.852] [modloading-worker-0/INFO] [quark-zeta/]: Constructing module Shear Vines...
[20Dec2025 17:19:34.858] [modloading-worker-0/INFO] [quark-zeta/]: Constructing module Shiba...
[20Dec2025 17:19:34.859] [modloading-worker-0/INFO] [quark-zeta/]: Constructing module Shingles...
[20Dec2025 17:19:34.859] [modloading-worker-0/INFO] [quark-zeta/]: Constructing module Shulker Packing...
[20Dec2025 17:19:34.860] [modloading-worker-0/INFO] [quark-zeta/]: Constructing module Simple Harvest...
[20Dec2025 17:19:34.861] [modloading-worker-0/INFO] [quark-zeta/]: Constructing module Skull Pikes...
[20Dec2025 17:19:34.863] [modloading-worker-0/INFO] [quark-zeta/]: Constructing module Slabs To Blocks...
[20Dec2025 17:19:34.864] [modloading-worker-0/INFO] [quark-zeta/]: Constructing module Slime In A Bucket...
[20Dec2025 17:19:34.865] [modloading-worker-0/INFO] [quark-zeta/]: Constructing module Slimes To Magma Cubes...
[20Dec2025 17:19:34.865] [modloading-worker-0/INFO] [quark-zeta/]: Constructing module Snow Golem Player Heads...
[20Dec2025 17:19:34.866] [modloading-worker-0/INFO] [quark-zeta/]: Constructing module Soul Candles...
[20Dec2025 17:19:34.866] [modloading-worker-0/INFO] [quark-zeta/]: Constructing module Soul Sandstone...
[20Dec2025 17:19:34.867] [modloading-worker-0/INFO] [quark-zeta/]: Constructing module Spawner Replacer...
[20Dec2025 17:19:34.867] [modloading-worker-0/INFO] [quark-zeta/]: Constructing module Spiral Spires...
[20Dec2025 17:19:34.869] [modloading-worker-0/INFO] [quark-zeta/]: Constructing module Stonelings...
[20Dec2025 17:19:34.871] [modloading-worker-0/INFO] [quark-zeta/]: Constructing module Stools...
[20Dec2025 17:19:34.871] [modloading-worker-0/INFO] [quark-zeta/]: Constructing module Sturdy Stone...
[20Dec2025 17:19:34.872] [modloading-worker-0/INFO] [quark-zeta/]: Constructing module Thatch...
[20Dec2025 17:19:34.875] [modloading-worker-0/INFO] [quark-zeta/]: Constructing module Tiny Potato...
[20Dec2025 17:19:34.876] [modloading-worker-0/INFO] [quark-zeta/]: Constructing module Torch Arrow...
[20Dec2025 17:19:34.881] [modloading-worker-0/INFO] [quark-zeta/]: Constructing module Toretoise...
[20Dec2025 17:19:34.883] [modloading-worker-0/INFO] [quark-zeta/]: Constructing module Totem Of Holding...
[20Dec2025 17:19:34.884] [modloading-worker-0/INFO] [quark-zeta/]: Constructing module Trowel...
[20Dec2025 17:19:34.885] [modloading-worker-0/INFO] [quark-zeta/]: Constructing module Usage Ticker...
[20Dec2025 17:19:34.886] [modloading-worker-0/INFO] [quark-zeta/]: Constructing module Uses For Curses...
[20Dec2025 17:19:34.889] [modloading-worker-0/INFO] [quark-zeta/]: Constructing module Utility Recipes...
[20Dec2025 17:19:34.893] [modloading-worker-0/INFO] [quark-zeta/]: Constructing module Variant Animal Textures...
[20Dec2025 17:19:34.893] [modloading-worker-0/INFO] [quark-zeta/]: Constructing module Variant Bookshelves...
[20Dec2025 17:19:34.893] [modloading-worker-0/INFO] [quark-zeta/]: Constructing module Variant Chests...
[20Dec2025 17:19:34.907] [modloading-worker-0/INFO] [quark-zeta/]: Constructing module Variant Furnaces...
[20Dec2025 17:19:34.914] [modloading-worker-0/INFO] [quark-zeta/]: Constructing module Variant Ladders...
[20Dec2025 17:19:34.917] [modloading-worker-0/INFO] [quark-zeta/]: Constructing module Variant Selector...
[20Dec2025 17:19:34.921] [modloading-worker-0/INFO] [quark-zeta/]: Constructing module Vertical Planks...
[20Dec2025 17:19:34.925] [modloading-worker-0/INFO] [quark-zeta/]: Constructing module Vertical Slabs...
[20Dec2025 17:19:34.945] [modloading-worker-0/INFO] [quark-zeta/]: Constructing module Vexes Die With Their Masters...
[20Dec2025 17:19:34.948] [modloading-worker-0/INFO] [quark-zeta/]: Constructing module Villager Rerolling Rework...
[20Dec2025 17:19:34.951] [modloading-worker-0/INFO] [quark-zeta/]: Constructing module Villagers Follow Emeralds...
[20Dec2025 17:19:34.952] [modloading-worker-0/INFO] [quark-zeta/]: Constructing module Wooden Posts...
[20Dec2025 17:19:34.953] [modloading-worker-0/INFO] [quark-zeta/]: Constructing module Wool Shuts Up Minecarts...
[20Dec2025 17:19:34.954] [modloading-worker-0/INFO] [quark-zeta/]: Constructing module Wraith...
[20Dec2025 17:19:34.960] [modloading-worker-0/INFO] [quark-zeta/]: Constructing module Zombie Villagers On Normal...
[20Dec2025 17:19:34.961] [modloading-worker-0/INFO] [quark-zeta/]: Constructing module More Stone Variants...
[20Dec2025 17:19:34.964] [modloading-worker-0/INFO] [quark-zeta/]: Constructed 164 modules.
[20Dec2025 17:19:35.066] [modloading-worker-0/INFO] [quark-zeta/]: Doing super early config setup for quark
[20Dec2025 17:19:36.134] [main/WARN] [net.minecraftforge.registries.ForgeRegistry/REGISTRIES]: Registry minecraft:sound_event: The object net.minecraft.sounds.SoundEvent@7a6cec15 has been registered twice for the same name treechop:chop_wood.
[20Dec2025 17:19:38.446] [main/INFO] [ModernFix/]: Bypassed Mojang DFU
[20Dec2025 17:19:38.447] [main/INFO] [ModernFix/]: Instantiating Mojang DFU
[20Dec2025 17:19:39.855] [main/WARN] [net.minecraftforge.common.ForgeConfigSpec/CORE]: Configuration file /workspaces/NARCISO/servidor_minecraft/config/companions.toml is not correct. Correcting
[20Dec2025 17:19:39.899] [main/WARN] [net.minecraftforge.common.ForgeConfigSpec/CORE]: Configuration file /workspaces/NARCISO/servidor_minecraft/config/knightlib.toml is not correct. Correcting
[20Dec2025 17:19:40.090] [modloading-worker-0/INFO] [com.connectivity.Connectivity/]: Connectivity initialized
[20Dec2025 17:19:40.102] [Thread-0/INFO] [ModernFix/]: Please use /mfsrc to reload any changed mod config files
[20Dec2025 17:19:40.162] [modloading-worker-0/INFO] [com.dragonfight.DragonfightMod/]: dragonfight mod initialized
[20Dec2025 17:19:40.226] [modloading-worker-0/INFO] [voicechat/]: [voicechat] Compatibility version 18
[20Dec2025 17:19:40.315] [modloading-worker-0/INFO] [voicechat/]: [voicechat] Loading plugins
[20Dec2025 17:19:40.342] [modloading-worker-0/INFO] [voicechat/]: [voicechat] Loaded 0 plugin(s)
[20Dec2025 17:19:40.343] [modloading-worker-0/INFO] [voicechat/]: [voicechat] Initializing plugins
[20Dec2025 17:19:40.344] [modloading-worker-0/INFO] [voicechat/]: [voicechat] Initialized 0 plugin(s)
[20Dec2025 17:19:40.397] [modloading-worker-0/INFO] [com.chunksending.ChunkSending/]: chunksending mod initialized
[20Dec2025 17:19:40.420] [Forge Version Check/INFO] [net.minecraftforge.fml.VersionChecker/]: [journeymap] Starting version check at https://forge.curseupdate.com/32274/journeymap
[20Dec2025 17:19:40.681] [main/INFO] [journeymap/]: Initializing Packet Registries
[20Dec2025 17:19:40.758] [Forge Version Check/INFO] [net.minecraftforge.fml.VersionChecker/]: [journeymap] Found status: UP_TO_DATE Current: 5.10.3 Target: null
[20Dec2025 17:19:40.759] [Forge Version Check/INFO] [net.minecraftforge.fml.VersionChecker/]: [forge] Starting version check at https://files.minecraftforge.net/net/minecraftforge/forge/promotions_slim.json
[20Dec2025 17:19:40.767] [main/INFO] [terrablender/]: Registered region minecraft:overworld to index 0 for type OVERWORLD
[20Dec2025 17:19:40.772] [main/INFO] [terrablender/]: Registered region minecraft:nether to index 0 for type NETHER
[20Dec2025 17:19:40.772] [main/INFO] [terrablender/]: Registered region biomesoplenty:overworld_primary to index 1 for type OVERWORLD
[20Dec2025 17:19:40.775] [main/INFO] [terrablender/]: Registered region biomesoplenty:overworld_secondary to index 2 for type OVERWORLD
[20Dec2025 17:19:40.775] [main/INFO] [terrablender/]: Registered region biomesoplenty:overworld_rare to index 3 for type OVERWORLD
[20Dec2025 17:19:40.775] [main/INFO] [terrablender/]: Registered region biomesoplenty:nether_common to index 1 for type NETHER
[20Dec2025 17:19:40.775] [main/INFO] [terrablender/]: Registered region biomesoplenty:nether_rare to index 2 for type NETHER
[20Dec2025 17:19:40.816] [main/INFO] [zeta/]: Common setup: Performing initial refresh of zeta's config on thread 'main'
[20Dec2025 17:19:40.817] [main/INFO] [zeta/]: 'zeta' is enabling Zeta's piston structure resolver.
[20Dec2025 17:19:40.819] [main/INFO] [zeta/]: Waiting for server start before accepting filewatcher changes to zeta's config
[20Dec2025 17:19:40.820] [main/INFO] [terrablender/]: Registered region quark:biome_provider to index 4 for type OVERWORLD
[20Dec2025 17:19:40.820] [main/INFO] [quark-zeta/]: Common setup: Performing initial refresh of quark's config on thread 'main'
[20Dec2025 17:19:40.842] [main/INFO] [quark-zeta/]: Waiting for server start before accepting filewatcher changes to quark's config
[20Dec2025 17:19:40.860] [Forge Version Check/INFO] [net.minecraftforge.fml.VersionChecker/]: [forge] Found status: OUTDATED Current: 47.3.7 Target: 47.4.10
[20Dec2025 17:19:40.861] [Forge Version Check/INFO] [net.minecraftforge.fml.VersionChecker/]: [corpse] Starting version check at https://update.maxhenkel.de/forge/corpse
[20Dec2025 17:19:41.275] [modloading-worker-0/INFO] [Jade/]: Start loading plugin at ht.treechop.compat.Jade
[20Dec2025 17:19:41.283] [modloading-worker-0/INFO] [Jade/]: Start loading plugin at net.blay09.mods.waystones.compat.JadeIntegration
[20Dec2025 17:19:41.285] [modloading-worker-0/INFO] [Jade/]: Start loading plugin at top.theillusivec4.champions.client.integration.jade.JadePlugin
[20Dec2025 17:19:41.285] [modloading-worker-0/INFO] [Jade/]: Start loading plugin at net.blay09.mods.balm.forge.compat.hudinfo.ForgeJadeModCompat
[20Dec2025 17:19:41.286] [modloading-worker-0/INFO] [Jade/]: Start loading plugin at de.maxhenkel.corpse.integration.waila.PluginCorpse
[20Dec2025 17:19:41.287] [modloading-worker-0/INFO] [Jade/]: Start loading plugin at snownee.jade.addon.vanilla.VanillaPlugin
[20Dec2025 17:19:41.297] [modloading-worker-0/INFO] [Jade/]: Start loading plugin at snownee.jade.addon.universal.UniversalPlugin
[20Dec2025 17:19:41.301] [modloading-worker-0/INFO] [Jade/]: Start loading plugin at snownee.jade.addon.core.CorePlugin
[20Dec2025 17:19:41.302] [modloading-worker-0/INFO] [Jade/]: Start loading plugin at de.maxhenkel.camera.integration.waila.PluginCamera
[20Dec2025 17:19:41.303] [modloading-worker-0/INFO] [Jade/]: Start loading plugin at net.geforcemods.securitycraft.compat.hudmods.JadeDataProvider
[20Dec2025 17:19:41.467] [Forge Version Check/INFO] [net.minecraftforge.fml.VersionChecker/]: [corpse] Found status: OUTDATED Current: 1.20.1-1.0.21 Target: 1.20.1-1.0.23
[20Dec2025 17:19:41.467] [Forge Version Check/INFO] [net.minecraftforge.fml.VersionChecker/]: [voicechat] Starting version check at https://update.maxhenkel.de/forge/voicechat
[20Dec2025 17:19:41.567] [Forge Version Check/INFO] [net.minecraftforge.fml.VersionChecker/]: [voicechat] Found status: OUTDATED Current: 1.20.1-2.5.30 Target: 1.20.1-2.6.6
[20Dec2025 17:19:41.567] [Forge Version Check/INFO] [net.minecraftforge.fml.VersionChecker/]: [camera] Starting version check at https://update.maxhenkel.de/forge/camera
[20Dec2025 17:19:41.575] [main/INFO] [top.theillusivec4.champions.Champions/]: Affix added to registry: champions:adaptable
[20Dec2025 17:19:41.576] [main/INFO] [top.theillusivec4.champions.Champions/]: Affix added to registry: champions:arctic
[20Dec2025 17:19:41.576] [main/INFO] [top.theillusivec4.champions.Champions/]: Affix added to registry: champions:dampening
[20Dec2025 17:19:41.576] [main/INFO] [top.theillusivec4.champions.Champions/]: Affix added to registry: champions:desecrating
[20Dec2025 17:19:41.577] [main/INFO] [top.theillusivec4.champions.Champions/]: Affix added to registry: champions:enkindling
[20Dec2025 17:19:41.577] [main/INFO] [top.theillusivec4.champions.Champions/]: Affix added to registry: champions:hasty
[20Dec2025 17:19:41.577] [main/INFO] [top.theillusivec4.champions.Champions/]: Affix added to registry: champions:infested
[20Dec2025 17:19:41.578] [main/INFO] [top.theillusivec4.champions.Champions/]: Affix added to registry: champions:knocking
[20Dec2025 17:19:41.578] [main/INFO] [top.theillusivec4.champions.Champions/]: Affix added to registry: champions:lively
[20Dec2025 17:19:41.578] [main/INFO] [top.theillusivec4.champions.Champions/]: Affix added to registry: champions:magnetic
[20Dec2025 17:19:41.579] [main/INFO] [top.theillusivec4.champions.Champions/]: Affix added to registry: champions:molten
[20Dec2025 17:19:41.579] [main/INFO] [top.theillusivec4.champions.Champions/]: Affix added to registry: champions:paralyzing
[20Dec2025 17:19:41.579] [main/INFO] [top.theillusivec4.champions.Champions/]: Affix added to registry: champions:plagued
[20Dec2025 17:19:41.579] [main/INFO] [top.theillusivec4.champions.Champions/]: Affix added to registry: champions:reflective
[20Dec2025 17:19:41.579] [main/INFO] [top.theillusivec4.champions.Champions/]: Affix added to registry: champions:shielding
[20Dec2025 17:19:41.579] [main/INFO] [top.theillusivec4.champions.Champions/]: Affix added to registry: champions:wounding
[20Dec2025 17:19:41.667] [Forge Version Check/INFO] [net.minecraftforge.fml.VersionChecker/]: [camera] Found status: AHEAD Current: 1.20.1-1.0.20 Target: null
[20Dec2025 17:19:41.667] [Forge Version Check/INFO] [net.minecraftforge.fml.VersionChecker/]: [securitycraft] Starting version check at https://www.github.com/Geforce132/SecurityCraft/raw/master/Updates/Forge.json
[20Dec2025 17:19:41.809] [Forge Version Check/INFO] [net.minecraftforge.fml.VersionChecker/]: [securitycraft] Found status: OUTDATED Current: 1.10.0.1 Target: 1.10.1
[20Dec2025 17:19:42.078] [main/INFO] [com.mojang.authlib.yggdrasil.YggdrasilAuthenticationService/]: Environment: authHost='https://authserver.mojang.com', accountsHost='https://api.mojang.com', sessionHost='https://sessionserver.mojang.com', servicesHost='https://api.minecraftservices.com', name='PROD'
[20Dec2025 17:19:42.292] [main/INFO] [top.theillusivec4.champions.Champions/]: Affix added to registry: champions:adaptable
[20Dec2025 17:19:42.292] [main/INFO] [top.theillusivec4.champions.Champions/]: Affix added to registry: champions:arctic
[20Dec2025 17:19:42.293] [main/INFO] [top.theillusivec4.champions.Champions/]: Affix added to registry: champions:dampening
[20Dec2025 17:19:42.293] [main/INFO] [top.theillusivec4.champions.Champions/]: Affix added to registry: champions:desecrating
[20Dec2025 17:19:42.293] [main/INFO] [top.theillusivec4.champions.Champions/]: Affix added to registry: champions:enkindling
[20Dec2025 17:19:42.294] [main/INFO] [top.theillusivec4.champions.Champions/]: Affix added to registry: champions:hasty
[20Dec2025 17:19:42.294] [main/INFO] [top.theillusivec4.champions.Champions/]: Affix added to registry: champions:infested
[20Dec2025 17:19:42.294] [main/INFO] [top.theillusivec4.champions.Champions/]: Affix added to registry: champions:knocking
[20Dec2025 17:19:42.294] [main/INFO] [top.theillusivec4.champions.Champions/]: Affix added to registry: champions:lively
[20Dec2025 17:19:42.294] [main/INFO] [top.theillusivec4.champions.Champions/]: Affix added to registry: champions:magnetic
[20Dec2025 17:19:42.295] [main/INFO] [top.theillusivec4.champions.Champions/]: Affix added to registry: champions:molten
[20Dec2025 17:19:42.295] [main/INFO] [top.theillusivec4.champions.Champions/]: Affix added to registry: champions:paralyzing
[20Dec2025 17:19:42.295] [main/INFO] [top.theillusivec4.champions.Champions/]: Affix added to registry: champions:plagued
[20Dec2025 17:19:42.295] [main/INFO] [top.theillusivec4.champions.Champions/]: Affix added to registry: champions:reflective
[20Dec2025 17:19:42.295] [main/INFO] [top.theillusivec4.champions.Champions/]: Affix added to registry: champions:shielding
[20Dec2025 17:19:42.295] [main/INFO] [top.theillusivec4.champions.Champions/]: Affix added to registry: champions:wounding
[20Dec2025 17:19:42.365] [main/INFO] [top.theillusivec4.champions.Champions/]: Affix added to registry: champions:adaptable
[20Dec2025 17:19:42.365] [main/INFO] [top.theillusivec4.champions.Champions/]: Affix added to registry: champions:arctic
[20Dec2025 17:19:42.365] [main/INFO] [top.theillusivec4.champions.Champions/]: Affix added to registry: champions:dampening
[20Dec2025 17:19:42.366] [main/INFO] [top.theillusivec4.champions.Champions/]: Affix added to registry: champions:desecrating
[20Dec2025 17:19:42.366] [main/INFO] [top.theillusivec4.champions.Champions/]: Affix added to registry: champions:enkindling
[20Dec2025 17:19:42.366] [main/INFO] [top.theillusivec4.champions.Champions/]: Affix added to registry: champions:hasty
[20Dec2025 17:19:42.367] [main/INFO] [top.theillusivec4.champions.Champions/]: Affix added to registry: champions:infested
[20Dec2025 17:19:42.367] [main/INFO] [top.theillusivec4.champions.Champions/]: Affix added to registry: champions:knocking
[20Dec2025 17:19:42.367] [main/INFO] [top.theillusivec4.champions.Champions/]: Affix added to registry: champions:lively
[20Dec2025 17:19:42.367] [main/INFO] [top.theillusivec4.champions.Champions/]: Affix added to registry: champions:magnetic
[20Dec2025 17:19:42.367] [main/INFO] [top.theillusivec4.champions.Champions/]: Affix added to registry: champions:molten
[20Dec2025 17:19:42.368] [main/INFO] [top.theillusivec4.champions.Champions/]: Affix added to registry: champions:paralyzing
[20Dec2025 17:19:42.368] [main/INFO] [top.theillusivec4.champions.Champions/]: Affix added to registry: champions:plagued
[20Dec2025 17:19:42.368] [main/INFO] [top.theillusivec4.champions.Champions/]: Affix added to registry: champions:reflective
[20Dec2025 17:19:42.368] [main/INFO] [top.theillusivec4.champions.Champions/]: Affix added to registry: champions:shielding
[20Dec2025 17:19:42.369] [main/INFO] [top.theillusivec4.champions.Champions/]: Affix added to registry: champions:wounding
[20Dec2025 17:19:42.566] [main/WARN] [net.minecraft.server.packs.VanillaPackResourcesBuilder/]: Assets URL 'union:/workspaces/NARCISO/servidor_minecraft/libraries/net/minecraft/server/1.20.1-20230612.114412/server-1.20.1-20230612.114412-srg.jar%23225!/assets/.mcassetsroot' uses unexpected schema
[20Dec2025 17:19:42.566] [main/WARN] [net.minecraft.server.packs.VanillaPackResourcesBuilder/]: Assets URL 'union:/workspaces/NARCISO/servidor_minecraft/libraries/net/minecraft/server/1.20.1-20230612.114412/server-1.20.1-20230612.114412-srg.jar%23225!/data/.mcassetsroot' uses unexpected schema
[20Dec2025 17:19:45.211] [main/INFO] [com.github.alexthe666.alexsmobs.AlexsMobs/]: Adding datapack listener capsid_recipes
[20Dec2025 17:19:45.229] [main/INFO] [Calio/]: CDRM Initialized with 16 registries
[20Dec2025 17:19:46.782] [main/INFO] [net.minecraft.world.item.crafting.RecipeManager/]: Loaded 13 recipes
[20Dec2025 17:19:46.918] [main/INFO] [quark/]: [Automatic Recipe Unlock] Removed 2502 recipe advancements
[20Dec2025 17:19:46.927] [main/INFO] [net.minecraft.advancements.AdvancementList/]: Loaded 453 advancements
[20Dec2025 17:19:47.073] [main/INFO] [top.theillusivec4.curios.Curios/]: Loaded 11 curio slots
[20Dec2025 17:19:47.081] [main/ERROR] [top.theillusivec4.curios.Curios/]: talisman is not a registered slot type!
[20Dec2025 17:19:47.082] [main/INFO] [top.theillusivec4.curios.Curios/]: Loaded 11 curio entities
[20Dec2025 17:19:47.099] [main/INFO] [quark-zeta/]: Modified advancement minecraft:husbandry/wax_on with 2 patches
[20Dec2025 17:19:47.100] [main/INFO] [quark-zeta/]: Modified advancement minecraft:adventure/kill_a_mob with 3 patches
[20Dec2025 17:19:47.100] [main/INFO] [quark-zeta/]: Modified advancement minecraft:husbandry/bred_all_animals with 3 patches
[20Dec2025 17:19:47.100] [main/INFO] [quark-zeta/]: Modified advancement minecraft:adventure/kill_all_mobs with 3 patches
[20Dec2025 17:19:47.100] [main/INFO] [quark-zeta/]: Modified advancement minecraft:husbandry/balanced_diet with 2 patches
[20Dec2025 17:19:47.101] [main/INFO] [quark-zeta/]: Modified advancement minecraft:nether/all_effects with 1 patches
[20Dec2025 17:19:47.101] [main/INFO] [quark-zeta/]: Modified advancement minecraft:husbandry/wax_off with 2 patches
[20Dec2025 17:19:47.101] [main/INFO] [quark-zeta/]: Modified advancement minecraft:adventure/adventuring_time with 1 patches
[20Dec2025 17:19:47.101] [main/INFO] [quark-zeta/]: Modified advancement minecraft:nether/all_potions with 1 patches
[20Dec2025 17:19:47.676] [Server thread/INFO] [net.minecraft.server.dedicated.DedicatedServer/]: Starting minecraft server version 1.20.1
[20Dec2025 17:19:47.677] [Server thread/INFO] [net.minecraft.server.dedicated.DedicatedServer/]: Loading properties
[20Dec2025 17:19:47.677] [Server thread/INFO] [net.minecraft.server.dedicated.DedicatedServer/]: Default game type: SURVIVAL
[20Dec2025 17:19:47.677] [Server thread/INFO] [net.minecraft.server.MinecraftServer/]: Generating keypair
[20Dec2025 17:19:47.908] [Server thread/INFO] [net.minecraft.server.dedicated.DedicatedServer/]: Starting Minecraft server on *:25565
[20Dec2025 17:19:47.937] [Server thread/INFO] [net.minecraft.server.network.ServerConnectionListener/]: Using epoll channel type
[20Dec2025 17:19:48.045] [Server thread/WARN] [net.minecraft.server.dedicated.DedicatedServer/]: **** SERVER IS RUNNING IN OFFLINE/INSECURE MODE!
[20Dec2025 17:19:48.045] [Server thread/WARN] [net.minecraft.server.dedicated.DedicatedServer/]: The server will make no attempt to authenticate usernames. Beware.
[20Dec2025 17:19:48.046] [Server thread/WARN] [net.minecraft.server.dedicated.DedicatedServer/]: While this makes the game possible to play without internet access, it also opens up the ability for hackers to connect with any username they choose.
[20Dec2025 17:19:48.046] [Server thread/WARN] [net.minecraft.server.dedicated.DedicatedServer/]: To change this, set "online-mode" to "true" in the server.properties file.
[20Dec2025 17:19:48.063] [Server thread/INFO] [journeymap/]: Loading JourneyMap Forge Configs
[20Dec2025 17:19:48.391] [Server thread/INFO] [zeta/]: Server starting, accepting filewatcher changes for zeta's config
[20Dec2025 17:19:48.392] [Server thread/INFO] [quark-zeta/]: Server starting, accepting filewatcher changes for quark's config
[20Dec2025 17:19:48.519] [Server thread/INFO] [terrablender/]: Initialized TerraBlender biomes for level stem minecraft:the_nether
[20Dec2025 17:19:48.963] [Server thread/INFO] [terrablender/]: Initialized TerraBlender biomes for level stem minecraft:overworld
[20Dec2025 17:19:48.963] [Server thread/INFO] [net.minecraft.server.dedicated.DedicatedServer/]: Preparing level "world"
[20Dec2025 17:19:49.426] [Server thread/INFO] [net.minecraft.server.MinecraftServer/]: Preparing start region for dimension minecraft:overworld
[20Dec2025 17:19:51.216] [Server thread/INFO] [net.minecraft.server.level.progress.LoggerChunkProgressListener/]: Preparing spawn area: 0%
[20Dec2025 17:19:51.216] [Server thread/INFO] [net.minecraft.server.level.progress.LoggerChunkProgressListener/]: Preparing spawn area: 0%
[20Dec2025 17:19:51.217] [Server thread/INFO] [net.minecraft.server.level.progress.LoggerChunkProgressListener/]: Preparing spawn area: 0%
[20Dec2025 17:19:51.217] [Server thread/INFO] [net.minecraft.server.level.progress.LoggerChunkProgressListener/]: Preparing spawn area: 0%
[20Dec2025 17:19:51.430] [Server thread/INFO] [net.minecraft.server.level.progress.LoggerChunkProgressListener/]: Preparing spawn area: 0%
[20Dec2025 17:19:51.486] [Netty Epoll Server IO #1/INFO] [com.cupboard.Cupboard/]: Loaded config for: connectivity.json
[20Dec2025 17:19:51.796] [Netty Epoll Server IO #1/INFO] [net.minecraftforge.server.ServerLifecycleHooks/SERVERHOOKS]: Disconnecting Player (server is still starting): literal{Server is still starting! Please wait before reconnecting.}
[20Dec2025 17:19:51.928] [Server thread/INFO] [net.minecraft.server.level.progress.LoggerChunkProgressListener/]: Preparing spawn area: 25%
[20Dec2025 17:19:52.429] [Server thread/INFO] [net.minecraft.server.level.progress.LoggerChunkProgressListener/]: Preparing spawn area: 63%
[20Dec2025 17:19:52.784] [Server thread/INFO] [net.minecraft.server.level.progress.LoggerChunkProgressListener/]: Time elapsed: 3357 ms
[20Dec2025 17:19:52.785] [Server thread/INFO] [net.minecraft.server.dedicated.DedicatedServer/]: Done (4.725s)! For help, type "help"
[20Dec2025 17:19:52.908] [Server thread/INFO] [net.minecraftforge.server.permission.PermissionAPI/]: Successfully initialized permission handler forge:default_handler
[20Dec2025 17:19:52.951] [Server thread/INFO] [com.cupboard.Cupboard/]: Loaded config for: dragonfight.json
[20Dec2025 17:19:52.951] [Server thread/INFO] [com.cupboard.Cupboard/]: Loaded config for: chunksending.json
[20Dec2025 17:19:52.953] [Server thread/WARN] [voicechat/]: [voicechat] Running in offline mode - Voice chat encryption is not secure!
[20Dec2025 17:19:52.964] [Server thread/WARN] [ModernFix/]: Dedicated server took 36.579 seconds to load
[20Dec2025 17:19:52.966] [VoiceChatServerThread/INFO] [voicechat/]: [voicechat] Voice host is 'free-egg.gl.at.ply.gg:2668'
[20Dec2025 17:19:52.966] [VoiceChatServerThread/INFO] [voicechat/]: [voicechat] Voice chat server started at port 2668
[20Dec2025 17:19:55.478] [Netty Epoll Server IO #2/INFO] [Calio/]: Received acknowledgment for login packet with id 0
[20Dec2025 17:19:55.505] [Netty Epoll Server IO #2/INFO] [Calio/]: Received acknowledgment for login packet with id 1
[20Dec2025 17:19:55.549] [Netty Epoll Server IO #2/INFO] [Calio/]: Received acknowledgment for login packet with id 2
[20Dec2025 17:19:55.586] [Netty Epoll Server IO #2/INFO] [Calio/]: Received acknowledgment for login packet with id 3
[20Dec2025 17:19:55.653] [Netty Epoll Server IO #2/INFO] [Calio/]: Received acknowledgment for login packet with id 4
[20Dec2025 17:19:55.685] [Netty Epoll Server IO #2/INFO] [Calio/]: Received acknowledgment for login packet with id 5
[20Dec2025 17:19:55.737] [Netty Epoll Server IO #2/INFO] [Calio/]: Received acknowledgment for login packet with id 6
[20Dec2025 17:19:55.792] [Netty Epoll Server IO #2/INFO] [Calio/]: Received acknowledgment for login packet with id 7
[20Dec2025 17:19:55.834] [Netty Epoll Server IO #2/INFO] [Calio/]: Received acknowledgment for login packet with id 8
[20Dec2025 17:19:55.896] [Netty Epoll Server IO #2/INFO] [Calio/]: Received acknowledgment for login packet with id 9
[20Dec2025 17:19:55.947] [Netty Epoll Server IO #2/INFO] [Calio/]: Received acknowledgment for login packet with id 10
[20Dec2025 17:19:55.993] [Netty Epoll Server IO #2/INFO] [Calio/]: Received acknowledgment for login packet with id 11
[20Dec2025 17:19:56.547] [Netty Epoll Server IO #2/INFO] [Calio/]: Received acknowledgment for login packet with id 12
[20Dec2025 17:19:56.553] [Netty Epoll Server IO #2/INFO] [Calio/]: Received acknowledgment for login packet with id 13
[20Dec2025 17:19:56.567] [Netty Epoll Server IO #2/INFO] [Calio/]: Received acknowledgment for login packet with id 14
[20Dec2025 17:19:56.714] [Netty Epoll Server IO #2/INFO] [Calio/]: Received acknowledgment for login packet with id 15
[20Dec2025 17:19:59.563] [Server thread/INFO] [net.minecraft.server.players.PlayerList/]: Topy_16[/127.233.93.135:45531] logged in with entity id 156 at (-1376.7922086571077, 57.3712485379339, 754.7361997222706)
[20Dec2025 17:19:59.705] [Server thread/INFO] [net.minecraft.server.MinecraftServer/]: Topy_16 joined the game
[20Dec2025 17:19:59.798] [Server thread/INFO] [Jade/]: Syncing config to Topy_16 (19202c85-9d4b-3427-b74b-e43523119222)
[20Dec2025 17:19:59.884] [Server thread/INFO] [voicechat/]: [voicechat] Received secret request of Topy_16 (18)
[20Dec2025 17:19:59.886] [Server thread/INFO] [voicechat/]: [voicechat] Sent secret to Topy_16
[20Dec2025 17:20:00.837] [VoiceChatPacketProcessingThread/INFO] [voicechat/]: [voicechat] Successfully authenticated player 19202c85-9d4b-3427-b74b-e43523119222
[20Dec2025 17:20:01.931] [VoiceChatPacketProcessingThread/INFO] [voicechat/]: [voicechat] Successfully validated connection of player 19202c85-9d4b-3427-b74b-e43523119222
[20Dec2025 17:20:01.935] [VoiceChatPacketProcessingThread/INFO] [voicechat/]: [voicechat] Player Topy_16 (19202c85-9d4b-3427-b74b-e43523119222) successfully connected to voice chat
[20Dec2025 17:20:10.330] [Netty Epoll Server IO #4/INFO] [Calio/]: Received acknowledgment for login packet with id 0
[20Dec2025 17:20:10.375] [Netty Epoll Server IO #4/INFO] [Calio/]: Received acknowledgment for login packet with id 1
[20Dec2025 17:20:10.423] [Netty Epoll Server IO #4/INFO] [Calio/]: Received acknowledgment for login packet with id 2
[20Dec2025 17:20:10.475] [Netty Epoll Server IO #4/INFO] [Calio/]: Received acknowledgment for login packet with id 3
[20Dec2025 17:20:10.527] [Netty Epoll Server IO #4/INFO] [Calio/]: Received acknowledgment for login packet with id 4
[20Dec2025 17:20:10.580] [Netty Epoll Server IO #4/INFO] [Calio/]: Received acknowledgment for login packet with id 5
[20Dec2025 17:20:10.622] [Netty Epoll Server IO #4/INFO] [Calio/]: Received acknowledgment for login packet with id 6
[20Dec2025 17:20:10.680] [Netty Epoll Server IO #4/INFO] [Calio/]: Received acknowledgment for login packet with id 7
[20Dec2025 17:20:10.731] [Netty Epoll Server IO #4/INFO] [Calio/]: Received acknowledgment for login packet with id 8
[20Dec2025 17:20:10.780] [Netty Epoll Server IO #4/INFO] [Calio/]: Received acknowledgment for login packet with id 9
[20Dec2025 17:20:10.826] [Netty Epoll Server IO #4/INFO] [Calio/]: Received acknowledgment for login packet with id 10
[20Dec2025 17:20:10.879] [Netty Epoll Server IO #4/INFO] [Calio/]: Received acknowledgment for login packet with id 11
[20Dec2025 17:20:11.219] [Netty Epoll Server IO #4/INFO] [Calio/]: Received acknowledgment for login packet with id 12
[20Dec2025 17:20:11.220] [Netty Epoll Server IO #4/INFO] [Calio/]: Received acknowledgment for login packet with id 13
[20Dec2025 17:20:11.222] [Netty Epoll Server IO #4/INFO] [Calio/]: Received acknowledgment for login packet with id 14
[20Dec2025 17:20:11.338] [Netty Epoll Server IO #4/INFO] [Calio/]: Received acknowledgment for login packet with id 15
[20Dec2025 17:20:14.409] [Server thread/INFO] [net.minecraft.server.players.PlayerList/]: Maufer772[/127.100.240.184:60083] logged in with entity id 452 at (383.1574606133449, 90.22011963823765, -232.3093954462412)
[20Dec2025 17:20:14.465] [Server thread/INFO] [net.minecraft.server.MinecraftServer/]: Maufer772 joined the game
[20Dec2025 17:20:14.480] [Server thread/INFO] [Jade/]: Syncing config to Maufer772 (01283afc-5e15-37b1-a226-4ec2d46056cf)
[20Dec2025 17:20:14.685] [Server thread/INFO] [voicechat/]: [voicechat] Received secret request of Maufer772 (18)
[20Dec2025 17:20:14.685] [Server thread/INFO] [voicechat/]: [voicechat] Sent secret to Maufer772
[20Dec2025 17:20:15.657] [VoiceChatPacketProcessingThread/INFO] [voicechat/]: [voicechat] Successfully authenticated player 01283afc-5e15-37b1-a226-4ec2d46056cf
[20Dec2025 17:20:17.656] [VoiceChatPacketProcessingThread/INFO] [voicechat/]: [voicechat] Successfully validated connection of player 01283afc-5e15-37b1-a226-4ec2d46056cf
[20Dec2025 17:20:17.657] [VoiceChatPacketProcessingThread/INFO] [voicechat/]: [voicechat] Player Maufer772 (01283afc-5e15-37b1-a226-4ec2d46056cf) successfully connected to voice chat
[20Dec2025 17:20:25.075] [Server thread/INFO] [net.minecraft.server.MinecraftServer/]: [Maufer772: Set own game mode to Survival Mode]
[20Dec2025 17:21:27.391] [Netty Epoll Server IO #5/INFO] [Calio/]: Received acknowledgment for login packet with id 0
[20Dec2025 17:21:27.594] [Netty Epoll Server IO #5/INFO] [Calio/]: Received acknowledgment for login packet with id 1
[20Dec2025 17:21:27.598] [Netty Epoll Server IO #5/INFO] [Calio/]: Received acknowledgment for login packet with id 2
[20Dec2025 17:21:27.599] [Netty Epoll Server IO #5/INFO] [Calio/]: Received acknowledgment for login packet with id 3
[20Dec2025 17:21:27.599] [Netty Epoll Server IO #5/INFO] [Calio/]: Received acknowledgment for login packet with id 4
[20Dec2025 17:21:27.888] [Netty Epoll Server IO #5/INFO] [Calio/]: Received acknowledgment for login packet with id 5
[20Dec2025 17:21:27.888] [Netty Epoll Server IO #5/INFO] [Calio/]: Received acknowledgment for login packet with id 6
[20Dec2025 17:21:27.888] [Netty Epoll Server IO #5/INFO] [Calio/]: Received acknowledgment for login packet with id 7
[20Dec2025 17:21:27.889] [Netty Epoll Server IO #5/INFO] [Calio/]: Received acknowledgment for login packet with id 8
[20Dec2025 17:21:27.889] [Netty Epoll Server IO #5/INFO] [Calio/]: Received acknowledgment for login packet with id 9
[20Dec2025 17:21:28.298] [Netty Epoll Server IO #5/INFO] [Calio/]: Received acknowledgment for login packet with id 10
[20Dec2025 17:21:28.303] [Netty Epoll Server IO #5/INFO] [Calio/]: Received acknowledgment for login packet with id 11
[20Dec2025 17:21:30.506] [Netty Epoll Server IO #5/INFO] [Calio/]: Received acknowledgment for login packet with id 12
[20Dec2025 17:21:30.506] [Netty Epoll Server IO #5/INFO] [Calio/]: Received acknowledgment for login packet with id 13
[20Dec2025 17:21:30.985] [Netty Epoll Server IO #5/INFO] [Calio/]: Received acknowledgment for login packet with id 14
[20Dec2025 17:21:31.577] [Netty Epoll Server IO #5/INFO] [Calio/]: Received acknowledgment for login packet with id 15
[20Dec2025 17:21:34.516] [Server thread/INFO] [net.minecraft.server.players.PlayerList/]: Pancito_10[/127.176.216.215:51363] logged in with entity id 1295 at (-1395.99372672322, 48.540645860787464, 728.5484178217259)
[20Dec2025 17:21:34.544] [Server thread/INFO] [net.minecraft.server.MinecraftServer/]: Pancito_10 joined the game
[20Dec2025 17:21:34.598] [Server thread/INFO] [Jade/]: Syncing config to Pancito_10 (c5130c8b-ae1e-30dc-845a-cdec1e7ec5f6)
[20Dec2025 17:21:34.745] [Server thread/INFO] [voicechat/]: [voicechat] Received secret request of Pancito_10 (18)
[20Dec2025 17:21:34.747] [Server thread/INFO] [voicechat/]: [voicechat] Sent secret to Pancito_10
[20Dec2025 17:21:35.978] [VoiceChatPacketProcessingThread/INFO] [voicechat/]: [voicechat] Successfully authenticated player c5130c8b-ae1e-30dc-845a-cdec1e7ec5f6
[20Dec2025 17:21:37.980] [VoiceChatPacketProcessingThread/INFO] [voicechat/]: [voicechat] Successfully validated connection of player c5130c8b-ae1e-30dc-845a-cdec1e7ec5f6
[20Dec2025 17:21:37.980] [VoiceChatPacketProcessingThread/INFO] [voicechat/]: [voicechat] Player Pancito_10 (c5130c8b-ae1e-30dc-845a-cdec1e7ec5f6) successfully connected to voice chat
[20Dec2025 17:22:03.255] [Netty Epoll Server IO #1/INFO] [Calio/]: Received acknowledgment for login packet with id 0
[20Dec2025 17:22:03.310] [Netty Epoll Server IO #1/INFO] [Calio/]: Received acknowledgment for login packet with id 1
[20Dec2025 17:22:03.346] [Netty Epoll Server IO #1/INFO] [Calio/]: Received acknowledgment for login packet with id 2
[20Dec2025 17:22:03.395] [Netty Epoll Server IO #1/INFO] [Calio/]: Received acknowledgment for login packet with id 3
[20Dec2025 17:22:03.452] [Netty Epoll Server IO #1/INFO] [Calio/]: Received acknowledgment for login packet with id 4
[20Dec2025 17:22:03.514] [Netty Epoll Server IO #1/INFO] [Calio/]: Received acknowledgment for login packet with id 5
[20Dec2025 17:22:03.549] [Netty Epoll Server IO #1/INFO] [Calio/]: Received acknowledgment for login packet with id 6
[20Dec2025 17:22:03.597] [Netty Epoll Server IO #1/INFO] [Calio/]: Received acknowledgment for login packet with id 7
[20Dec2025 17:22:03.650] [Netty Epoll Server IO #1/INFO] [Calio/]: Received acknowledgment for login packet with id 8
[20Dec2025 17:22:03.705] [Netty Epoll Server IO #1/INFO] [Calio/]: Received acknowledgment for login packet with id 9
[20Dec2025 17:22:03.764] [Netty Epoll Server IO #1/INFO] [Calio/]: Received acknowledgment for login packet with id 10
[20Dec2025 17:22:03.812] [Netty Epoll Server IO #1/INFO] [Calio/]: Received acknowledgment for login packet with id 11
[20Dec2025 17:22:04.199] [Netty Epoll Server IO #1/INFO] [Calio/]: Received acknowledgment for login packet with id 12
[20Dec2025 17:22:04.200] [Netty Epoll Server IO #1/INFO] [Calio/]: Received acknowledgment for login packet with id 13
[20Dec2025 17:22:04.205] [Netty Epoll Server IO #1/INFO] [Calio/]: Received acknowledgment for login packet with id 14
[20Dec2025 17:22:04.313] [Netty Epoll Server IO #1/INFO] [Calio/]: Received acknowledgment for login packet with id 15
[20Dec2025 17:22:07.376] [Server thread/INFO] [net.minecraft.server.players.PlayerList/]: D3M0N[/127.54.169.53:40999] logged in with entity id 1816 at (260.79379974730233, 120.875, -187.0788416937659)
[20Dec2025 17:22:07.395] [Server thread/INFO] [net.minecraft.server.MinecraftServer/]: D3M0N joined the game
[20Dec2025 17:22:07.441] [Server thread/INFO] [Jade/]: Syncing config to D3M0N (108ba2cf-5f99-3401-adc1-e69c2b7166e3)
[20Dec2025 17:22:07.618] [Server thread/INFO] [voicechat/]: [voicechat] Received secret request of D3M0N (18)
[20Dec2025 17:22:07.619] [Server thread/INFO] [voicechat/]: [voicechat] Sent secret to D3M0N
[20Dec2025 17:22:09.597] [VoiceChatPacketProcessingThread/INFO] [voicechat/]: [voicechat] Successfully authenticated player 108ba2cf-5f99-3401-adc1-e69c2b7166e3
[20Dec2025 17:22:11.587] [VoiceChatPacketProcessingThread/INFO] [voicechat/]: [voicechat] Successfully validated connection of player 108ba2cf-5f99-3401-adc1-e69c2b7166e3
[20Dec2025 17:22:11.588] [VoiceChatPacketProcessingThread/INFO] [voicechat/]: [voicechat] Player D3M0N (108ba2cf-5f99-3401-adc1-e69c2b7166e3) successfully connected to voice chat
[20Dec2025 17:22:15.059] [Netty Epoll Server IO #2/INFO] [Calio/]: Received acknowledgment for login packet with id 0
[20Dec2025 17:22:15.104] [Netty Epoll Server IO #2/INFO] [Calio/]: Received acknowledgment for login packet with id 1
[20Dec2025 17:22:15.141] [Netty Epoll Server IO #2/INFO] [Calio/]: Received acknowledgment for login packet with id 2
[20Dec2025 17:22:15.227] [Netty Epoll Server IO #2/INFO] [Calio/]: Received acknowledgment for login packet with id 3
[20Dec2025 17:22:15.242] [Netty Epoll Server IO #2/INFO] [Calio/]: Received acknowledgment for login packet with id 4
[20Dec2025 17:22:15.290] [Netty Epoll Server IO #2/INFO] [Calio/]: Received acknowledgment for login packet with id 5
[20Dec2025 17:22:15.343] [Netty Epoll Server IO #2/INFO] [Calio/]: Received acknowledgment for login packet with id 6
[20Dec2025 17:22:15.399] [Netty Epoll Server IO #2/INFO] [Calio/]: Received acknowledgment for login packet with id 7
[20Dec2025 17:22:15.450] [Netty Epoll Server IO #2/INFO] [Calio/]: Received acknowledgment for login packet with id 8
[20Dec2025 17:22:15.497] [Netty Epoll Server IO #2/INFO] [Calio/]: Received acknowledgment for login packet with id 9
[20Dec2025 17:22:15.546] [Netty Epoll Server IO #2/INFO] [Calio/]: Received acknowledgment for login packet with id 10
[20Dec2025 17:22:15.594] [Netty Epoll Server IO #2/INFO] [Calio/]: Received acknowledgment for login packet with id 11
[20Dec2025 17:22:16.034] [Netty Epoll Server IO #2/INFO] [Calio/]: Received acknowledgment for login packet with id 12
[20Dec2025 17:22:16.034] [Netty Epoll Server IO #2/INFO] [Calio/]: Received acknowledgment for login packet with id 13
[20Dec2025 17:22:16.040] [Netty Epoll Server IO #2/INFO] [Calio/]: Received acknowledgment for login packet with id 14
[20Dec2025 17:22:16.111] [Netty Epoll Server IO #2/INFO] [Calio/]: Received acknowledgment for login packet with id 15
[20Dec2025 17:22:19.121] [Server thread/INFO] [net.minecraft.server.players.PlayerList/]: MigueLC1110[/127.238.4.90:51461] logged in with entity id 1966 at (68.17714826818518, 73.0, 33.689827619085584)
[20Dec2025 17:22:19.140] [Server thread/INFO] [net.minecraft.server.MinecraftServer/]: MigueLC1110 joined the game
[20Dec2025 17:22:19.147] [Server thread/INFO] [Jade/]: Syncing config to MigueLC1110 (81d8890b-012e-3137-b928-071e5127cc35)
[20Dec2025 17:22:19.605] [Server thread/INFO] [voicechat/]: [voicechat] Received secret request of MigueLC1110 (18)
[20Dec2025 17:22:19.605] [Server thread/INFO] [voicechat/]: [voicechat] Sent secret to MigueLC1110
[20Dec2025 17:22:20.929] [VoiceChatPacketProcessingThread/INFO] [voicechat/]: [voicechat] Successfully authenticated player 81d8890b-012e-3137-b928-071e5127cc35
[20Dec2025 17:22:22.930] [VoiceChatPacketProcessingThread/INFO] [voicechat/]: [voicechat] Successfully validated connection of player 81d8890b-012e-3137-b928-071e5127cc35
[20Dec2025 17:22:22.931] [VoiceChatPacketProcessingThread/INFO] [voicechat/]: [voicechat] Player MigueLC1110 (81d8890b-012e-3137-b928-071e5127cc35) successfully connected to voice chat
[20Dec2025 17:22:26.971] [Server thread/INFO] [net.minecraft.server.MinecraftServer/]: [Maufer772: Set own game mode to Spectator Mode]
[20Dec2025 17:22:31.327] [Server thread/WARN] [net.minecraft.server.MinecraftServer/]: Can't keep up! Is the server overloaded? Running 2012ms or 40 ticks behind
[20Dec2025 17:22:43.790] [Server thread/INFO] [net.minecraft.server.MinecraftServer/]: [Maufer772: Set own game mode to Survival Mode]
[20Dec2025 17:22:50.012] [Server thread/WARN] [net.minecraft.server.MinecraftServer/]: Can't keep up! Is the server overloaded? Running 3697ms or 73 ticks behind
[20Dec2025 17:23:08.139] [Server thread/WARN] [net.minecraft.server.MinecraftServer/]: Can't keep up! Is the server overloaded? Running 3174ms or 63 ticks behind
[20Dec2025 17:23:29.281] [Server thread/WARN] [net.minecraft.server.MinecraftServer/]: Can't keep up! Is the server overloaded? Running 2016ms or 40 ticks behind
[20Dec2025 17:23:34.007] [Server thread/INFO] [net.minecraft.server.MinecraftServer/]: Topy_16 has made the advancement [Back Into Hell !]
[20Dec2025 17:23:50.516] [Server thread/WARN] [net.minecraft.server.MinecraftServer/]: Can't keep up! Is the server overloaded? Running 2001ms or 40 ticks behind
[20Dec2025 17:24:20.918] [Server thread/WARN] [net.minecraft.server.MinecraftServer/]: Can't keep up! Is the server overloaded? Running 2003ms or 40 ticks behind
[20Dec2025 17:25:09.495] [Server thread/WARN] [net.minecraft.server.network.ServerGamePacketListenerImpl/]: Topy_16 moved too quickly! 10.155172363370639,-0.04353562014749457,-0.4033455534663517
[20Dec2025 17:25:11.170] [Server thread/WARN] [net.minecraft.server.MinecraftServer/]: Can't keep up! Is the server overloaded? Running 2005ms or 40 ticks behind
[20Dec2025 17:26:11.579] [Server thread/WARN] [net.minecraft.server.network.ServerGamePacketListenerImpl/]: Topy_16 moved too quickly! 10.234079590423107,0.2328996215565482,-0.48012474774100156
[20Dec2025 17:26:13.133] [Server thread/INFO] [net.minecraft.server.MinecraftServer/]: [Maufer772: Set own game mode to Spectator Mode]
[20Dec2025 17:26:16.715] [Server thread/INFO] [net.minecraft.server.MinecraftServer/]: [Maufer772: Set own game mode to Survival Mode]
[20Dec2025 17:26:30.111] [Server thread/INFO] [net.minecraft.server.MinecraftServer/]: MigueLC1110 has completed the challenge [The Broken Nether's Warmachine]
[20Dec2025 17:26:37.890] [Server thread/INFO] [net.minecraft.server.MinecraftServer/]: [Not Secure] <Maufer772> vee
[20Dec2025 17:26:42.333] [Server thread/INFO] [net.minecraft.server.MinecraftServer/]: [Not Secure] <Maufer772> y no invitan
[20Dec2025 17:26:45.324] [Server thread/WARN] [net.minecraft.server.MinecraftServer/]: Can't keep up! Is the server overloaded? Running 2009ms or 40 ticks behind
[20Dec2025 17:27:20.125] [Server thread/WARN] [net.minecraft.server.MinecraftServer/]: Can't keep up! Is the server overloaded? Running 2010ms or 40 ticks behind
[20Dec2025 17:27:58.935] [Server thread/WARN] [net.minecraft.server.MinecraftServer/]: Can't keep up! Is the server overloaded? Running 2020ms or 40 ticks behind
[20Dec2025 17:28:01.361] [Server thread/INFO] [net.minecraft.server.MinecraftServer/]: [Maufer772: Set own game mode to Spectator Mode]
[20Dec2025 17:28:12.903] [Server thread/INFO] [net.minecraft.server.MinecraftServer/]: [Maufer772: Set own game mode to Survival Mode]
[20Dec2025 17:28:16.854] [Server thread/WARN] [net.minecraft.server.MinecraftServer/]: Can't keep up! Is the server overloaded? Running 2939ms or 58 ticks behind
[20Dec2025 17:28:35.400] [Server thread/WARN] [net.minecraft.server.MinecraftServer/]: Can't keep up! Is the server overloaded? Running 3585ms or 71 ticks behind
[20Dec2025 17:28:53.701] [Server thread/WARN] [net.minecraft.server.MinecraftServer/]: Can't keep up! Is the server overloaded? Running 3336ms or 66 ticks behind
[20Dec2025 17:29:11.917] [Server thread/WARN] [net.minecraft.server.MinecraftServer/]: Can't keep up! Is the server overloaded? Running 3252ms or 65 ticks behind
[20Dec2025 17:29:16.272] [Server thread/INFO] [net.minecraft.server.MinecraftServer/]: [Maufer772: Set own game mode to Spectator Mode]
[20Dec2025 17:29:20.086] [Server thread/WARN] [net.minecraft.server.network.ServerGamePacketListenerImpl/]: Topy_16 moved too quickly! -1.8361141804400631,-0.2712241076924826,10.166515704682297
[20Dec2025 17:29:23.277] [Worker-Main-3/WARN] [ModernFix/]: Skipped emitting ENTITY_MOUNT game event for entity Strider['Strider'/13174, l='ServerLevel[world]', x=-1495.00, y=31.00, z=1372.00] as it would cause deadlock
[20Dec2025 17:29:31.207] [Server thread/WARN] [net.minecraft.server.MinecraftServer/]: Can't keep up! Is the server overloaded? Running 4292ms or 85 ticks behind
[20Dec2025 17:29:37.612] [Server thread/WARN] [net.minecraft.server.network.ServerGamePacketListenerImpl/]: Pancito_10 moved too quickly! 9.202815798642405,1.8583148272754713,-3.59614675703358
[20Dec2025 17:29:37.619] [Server thread/WARN] [net.minecraft.server.network.ServerGamePacketListenerImpl/]: Topy_16 moved too quickly! 9.767388546771826,4.0,0.029870733977531927
[20Dec2025 17:29:37.620] [Server thread/WARN] [net.minecraft.server.network.ServerGamePacketListenerImpl/]: Maufer772 moved too quickly! -9.399795911580213,2.8987184541699094,-3.3814727500318327
[20Dec2025 17:29:58.448] [Server thread/INFO] [net.minecraft.server.MinecraftServer/]: [Maufer772: Set own game mode to Survival Mode]
[20Dec2025 17:30:07.110] [Server thread/WARN] [net.minecraft.server.MinecraftServer/]: Can't keep up! Is the server overloaded? Running 20945ms or 418 ticks behind
[20Dec2025 17:30:15.452] [Server thread/INFO] [net.minecraft.server.MinecraftServer/]: Maufer772 has made the advancement [Sneak 100]
[20Dec2025 17:30:29.132] [Server thread/WARN] [net.minecraft.server.MinecraftServer/]: Can't keep up! Is the server overloaded? Running 7067ms or 141 ticks behind
[20Dec2025 17:30:46.343] [Server thread/INFO] [net.minecraft.server.MinecraftServer/]: Topy_16 has made the advancement [Nightmare Fuel]
[20Dec2025 17:30:49.541] [Server thread/WARN] [net.minecraft.server.MinecraftServer/]: Can't keep up! Is the server overloaded? Running 5426ms or 108 ticks behind
[20Dec2025 17:30:59.726] [Server thread/INFO] [net.minecraft.server.MinecraftServer/]: MigueLC1110 was slain by D3M0N
[20Dec2025 17:31:08.899] [Server thread/WARN] [net.minecraft.server.MinecraftServer/]: Can't keep up! Is the server overloaded? Running 4384ms or 87 ticks behind
[20Dec2025 17:31:20.365] [Server thread/INFO] [net.minecraft.server.MinecraftServer/]: Topy_16 has made the advancement [Straddle My Ol' Saddle]
[20Dec2025 17:31:21.758] [Server thread/WARN] [net.minecraft.server.level.ServerPlayerGameMode/]: Mismatch in destroy block pos: BlockPos{x=0, y=0, z=0} BlockPos{x=5, y=69, z=2}
[20Dec2025 17:31:21.759] [Server thread/WARN] [net.minecraft.server.level.ServerPlayerGameMode/]: Mismatch in destroy block pos: BlockPos{x=0, y=0, z=0} BlockPos{x=5, y=69, z=2}
[20Dec2025 17:31:35.064] [Server thread/WARN] [net.minecraft.server.MinecraftServer/]: Can't keep up! Is the server overloaded? Running 11199ms or 223 ticks behind
[20Dec2025 17:31:40.361] [Worker-Main-3/WARN] [net.minecraft.world.entity.ai.attributes.AttributeMap/]: Ignoring unknown attribute 'alexscaves_torpedoes:shadow_remaining_time'
[20Dec2025 17:31:40.362] [Worker-Main-3/WARN] [net.minecraft.world.entity.ai.attributes.AttributeMap/]: Ignoring unknown attribute 'reach-entity-attributes:reach'
[20Dec2025 17:31:40.362] [Worker-Main-3/WARN] [net.minecraft.world.entity.ai.attributes.AttributeMap/]: Ignoring unknown attribute 'alexscaves_torpedoes:shadow_remaining_time'
[20Dec2025 17:31:40.362] [Worker-Main-3/WARN] [net.minecraft.world.entity.ai.attributes.AttributeMap/]: Ignoring unknown attribute 'reach-entity-attributes:reach'
[20Dec2025 17:31:40.363] [Worker-Main-3/WARN] [net.minecraft.world.entity.ai.attributes.AttributeMap/]: Ignoring unknown attribute 'alexscaves_torpedoes:shadow_remaining_time'
[20Dec2025 17:31:40.363] [Worker-Main-3/WARN] [net.minecraft.world.entity.ai.attributes.AttributeMap/]: Ignoring unknown attribute 'reach-entity-attributes:reach'
[20Dec2025 17:31:40.363] [Worker-Main-3/WARN] [net.minecraft.world.entity.ai.attributes.AttributeMap/]: Ignoring unknown attribute 'alexscaves_torpedoes:shadow_remaining_time'
[20Dec2025 17:31:40.363] [Worker-Main-3/WARN] [net.minecraft.world.entity.ai.attributes.AttributeMap/]: Ignoring unknown attribute 'reach-entity-attributes:reach'
[20Dec2025 17:31:56.646] [Server thread/WARN] [net.minecraft.server.MinecraftServer/]: Can't keep up! Is the server overloaded? Running 6631ms or 132 ticks behind
[20Dec2025 17:32:18.141] [Server thread/WARN] [net.minecraft.server.MinecraftServer/]: Can't keep up! Is the server overloaded? Running 6525ms or 130 ticks behind
[20Dec2025 17:32:36.465] [Worker-Main-2/WARN] [ModernFix/]: Skipped emitting ENTITY_MOUNT game event for entity Strider['Strider'/16332, l='ServerLevel[world]', x=-1308.00, y=31.00, z=1810.00] as it would cause deadlock
[20Dec2025 17:32:39.709] [Server thread/WARN] [net.minecraft.server.MinecraftServer/]: Can't keep up! Is the server overloaded? Running 6594ms or 131 ticks behind
[20Dec2025 17:33:00.844] [Server thread/WARN] [net.minecraft.server.MinecraftServer/]: Can't keep up! Is the server overloaded? Running 6179ms or 123 ticks behind
[20Dec2025 17:33:20.273] [Server thread/WARN] [net.minecraft.server.MinecraftServer/]: Can't keep up! Is the server overloaded? Running 4458ms or 89 ticks behind
[20Dec2025 17:33:39.405] [Server thread/WARN] [net.minecraft.server.MinecraftServer/]: Can't keep up! Is the server overloaded? Running 4139ms or 82 ticks behind
[20Dec2025 17:33:58.196] [Server thread/WARN] [net.minecraft.server.MinecraftServer/]: Can't keep up! Is the server overloaded? Running 3830ms or 76 ticks behind
[20Dec2025 17:34:17.501] [Server thread/WARN] [net.minecraft.server.MinecraftServer/]: Can't keep up! Is the server overloaded? Running 4336ms or 86 ticks behind
[20Dec2025 17:34:36.305] [Server thread/WARN] [net.minecraft.server.MinecraftServer/]: Can't keep up! Is the server overloaded? Running 3840ms or 76 ticks behind
[20Dec2025 17:34:54.780] [Server thread/WARN] [net.minecraft.server.MinecraftServer/]: Can't keep up! Is the server overloaded? Running 3515ms or 70 ticks behind
[20Dec2025 17:34:59.972] [Server thread/WARN] [net.minecraft.world.scores.Scoreboard/]: Requested creation of existing team 'Bandits'
[20Dec2025 17:34:59.973] [Server thread/WARN] [net.minecraft.world.scores.Scoreboard/]: Requested creation of existing team 'Bandits'
[20Dec2025 17:34:59.973] [Server thread/WARN] [net.minecraft.world.scores.Scoreboard/]: Requested creation of existing team 'Bandits'
[20Dec2025 17:35:00.013] [Server thread/WARN] [net.minecraft.world.scores.Scoreboard/]: Requested creation of existing team 'Bandits'
[20Dec2025 17:35:00.013] [Server thread/WARN] [net.minecraft.world.scores.Scoreboard/]: Requested creation of existing team 'Bandits'
[20Dec2025 17:35:00.014] [Server thread/WARN] [net.minecraft.world.scores.Scoreboard/]: Requested creation of existing team 'Bandits'
[20Dec2025 17:35:00.014] [Server thread/WARN] [net.minecraft.world.scores.Scoreboard/]: Requested creation of existing team 'Bandits'
[20Dec2025 17:35:00.014] [Server thread/WARN] [net.minecraft.world.scores.Scoreboard/]: Requested creation of existing team 'Bandits'
[20Dec2025 17:35:00.014] [Server thread/WARN] [net.minecraft.world.scores.Scoreboard/]: Requested creation of existing team 'Bandits'
[20Dec2025 17:35:00.015] [Server thread/WARN] [net.minecraft.world.scores.Scoreboard/]: Requested creation of existing team 'Bandits'
[20Dec2025 17:35:00.015] [Server thread/WARN] [net.minecraft.world.scores.Scoreboard/]: Requested creation of existing team 'Bandits'
[20Dec2025 17:35:00.016] [Server thread/WARN] [net.minecraft.world.scores.Scoreboard/]: Requested creation of existing team 'Bandits'
[20Dec2025 17:35:00.016] [Server thread/WARN] [net.minecraft.world.scores.Scoreboard/]: Requested creation of existing team 'Bandits'
[20Dec2025 17:35:00.016] [Server thread/WARN] [net.minecraft.world.scores.Scoreboard/]: Requested creation of existing team 'Bandits'
[20Dec2025 17:35:00.016] [Server thread/WARN] [net.minecraft.world.scores.Scoreboard/]: Requested creation of existing team 'Bandits'
[20Dec2025 17:35:13.679] [Server thread/WARN] [net.minecraft.server.MinecraftServer/]: Can't keep up! Is the server overloaded? Running 3913ms or 78 ticks behind
[20Dec2025 17:35:23.708] [Worker-Main-2/WARN] [ModernFix/]: Skipped emitting ENTITY_MOUNT game event for entity Strider['Strider'/18804, l='ServerLevel[world]', x=-1606.00, y=31.00, z=2037.00] as it would cause deadlock
[20Dec2025 17:35:32.735] [Server thread/WARN] [net.minecraft.server.MinecraftServer/]: Can't keep up! Is the server overloaded? Running 4070ms or 81 ticks behind
[20Dec2025 17:35:43.225] [Server thread/INFO] [net.minecraft.server.MinecraftServer/]: [Maufer772: Set own game mode to Spectator Mode]
[20Dec2025 17:35:46.069] [Server thread/INFO] [net.minecraft.server.MinecraftServer/]: [Maufer772: Set own game mode to Creative Mode]
[20Dec2025 17:35:51.440] [Server thread/WARN] [net.minecraft.server.MinecraftServer/]: Can't keep up! Is the server overloaded? Running 3725ms or 74 ticks behind
[20Dec2025 17:35:54.701] [Server thread/INFO] [net.minecraft.server.MinecraftServer/]: [Maufer772: Set own game mode to Spectator Mode]
[20Dec2025 17:35:56.448] [Server thread/INFO] [net.minecraft.server.MinecraftServer/]: [Maufer772: Set own game mode to Survival Mode]
[20Dec2025 17:36:10.302] [Server thread/WARN] [net.minecraft.server.MinecraftServer/]: Can't keep up! Is the server overloaded? Running 3886ms or 77 ticks behind
[20Dec2025 17:36:28.688] [Server thread/WARN] [net.minecraft.server.MinecraftServer/]: Can't keep up! Is the server overloaded? Running 3423ms or 68 ticks behind
[20Dec2025 17:36:34.189] [Server thread/INFO] [net.minecraft.server.MinecraftServer/]: D3M0N has made the advancement [Hot Stuff]
[20Dec2025 17:36:47.242] [Server thread/WARN] [net.minecraft.server.MinecraftServer/]: Can't keep up! Is the server overloaded? Running 3577ms or 71 ticks behind
[20Dec2025 17:37:06.152] [Server thread/WARN] [net.minecraft.server.MinecraftServer/]: Can't keep up! Is the server overloaded? Running 3937ms or 78 ticks behind
[20Dec2025 17:37:25.493] [Server thread/WARN] [net.minecraft.server.MinecraftServer/]: Can't keep up! Is the server overloaded? Running 4378ms or 87 ticks behind
[20Dec2025 17:37:43.992] [Server thread/WARN] [net.minecraft.server.MinecraftServer/]: Can't keep up! Is the server overloaded? Running 3526ms or 70 ticks behind
[20Dec2025 17:38:03.442] [Server thread/WARN] [net.minecraft.server.MinecraftServer/]: Can't keep up! Is the server overloaded? Running 4477ms or 89 ticks behind
[20Dec2025 17:38:26.087] [Server thread/INFO] [net.minecraft.server.MinecraftServer/]: [Not Secure] <MigueLC1110> merma como consigues coca?
[20Dec2025 17:38:32.694] [Server thread/ERROR] [net.minecraftforge.fml.loading.RuntimeDistCleaner/DISTXFORM]: Attempted to load class net/minecraft/client/Minecraft for invalid dist DEDICATED_SERVER
[20Dec2025 17:38:32.696] [Server thread/ERROR] [net.minecraftforge.eventbus.EventBus/EVENTBUS]: Exception caught during firing event: Attempted to load class net/minecraft/client/Minecraft for invalid dist DEDICATED_SERVER
	Index: 12
	Listeners:
		0: HIGHEST
		1: ASM: class io.github.edwinmindcraft.apoli.common.ApoliPowerEventHandler preventBlockInteraction(Lnet/minecraftforge/event/entity/player/PlayerInteractEvent$RightClickBlock;)V
		2: ASM: class net.geforcemods.securitycraft.SCEventHandler highestPriorityOnRightClickBlock(Lnet/minecraftforge/event/entity/player/PlayerInteractEvent$RightClickBlock;)V
		3: HIGH
		4: ASM: class dev.architectury.event.forge.EventHandlerImplCommon eventPlayerInteractEvent(Lnet/minecraftforge/event/entity/player/PlayerInteractEvent$RightClickBlock;)V
		5: NORMAL
		6: ASM: com.bobmowzie.mowziesmobs.server.ServerEventHandler@1bf7bb08 onPlayerInteract(Lnet/minecraftforge/event/entity/player/PlayerInteractEvent$RightClickBlock;)V
		7: ASM: com.bobmowzie.mowziesmobs.server.ability.AbilityCommonEventHandler@1ecb647b onPlayerRightClickBlock(Lnet/minecraftforge/event/entity/player/PlayerInteractEvent$RightClickBlock;)V
		8: ASM: com.github.alexthe666.citadel.server.CitadelEvents@6850dacf onRightClickBlock(Lnet/minecraftforge/event/entity/player/PlayerInteractEvent$RightClickBlock;)V
		9: ASM: com.github.alexthe666.alexsmobs.event.ServerEvents@5049068f onUseItemOnBlock(Lnet/minecraftforge/event/entity/player/PlayerInteractEvent$RightClickBlock;)V
		10: ASM: class glitchcore.forge.handlers.InteractionEventHandler onRightClickBlock(Lnet/minecraftforge/event/entity/player/PlayerInteractEvent$RightClickBlock;)V
		11: ASM: class it.hurts.sskirillss.relics.items.relics.hands.WoolMittenItem$Events onBlockClick(Lnet/minecraftforge/event/entity/player/PlayerInteractEvent$RightClickBlock;)V
		12: ASM: class net.mcreator.inka.procedures.SpawnApuIntiProcedure onRightClickBlock(Lnet/minecraftforge/event/entity/player/PlayerInteractEvent$RightClickBlock;)V
		13: ASM: class net.mcreator.inka.procedures.BlockRightClickProcedure onRightClickBlock(Lnet/minecraftforge/event/entity/player/PlayerInteractEvent$RightClickBlock;)V
		14: ASM: class net.kurolib.procedures.SleepCancelRightClickBlockProcedure onRightClickBlock(Lnet/minecraftforge/event/entity/player/PlayerInteractEvent$RightClickBlock;)V
		15: ASM: class net.kurolib.procedures.InsomniaCancelSleepProcedure onRightClickBlock(Lnet/minecraftforge/event/entity/player/PlayerInteractEvent$RightClickBlock;)V
		16: ASM: class vectorwing.farmersdelight.common.item.KnifeItem$KnifeEvents onCakeInteraction(Lnet/minecraftforge/event/entity/player/PlayerInteractEvent$RightClickBlock;)V
		17: ASM: class vectorwing.farmersdelight.common.block.CuttingBoardBlock$ToolCarvingEvent onSneakPlaceTool(Lnet/minecraftforge/event/entity/player/PlayerInteractEvent$RightClickBlock;)V
		18: ASM: com.github.L_Ender.cataclysm.event.ServerEventHandler@6f5b95ed onPlayerInteract(Lnet/minecraftforge/event/entity/player/PlayerInteractEvent$RightClickBlock;)V
		19: net.minecraftforge.eventbus.EventBus$$Lambda$1493/0x0000774594665380@335e3f9c
		20: ASM: class net.geforcemods.securitycraft.SCEventHandler onRightClickBlock(Lnet/minecraftforge/event/entity/player/PlayerInteractEvent$RightClickBlock;)V
		21: ASM: class it.hurts.octostudios.rarcompat.items.necklace.ScarfOfInvisibilityItem$ScarfOfInvisibilityEvent onRightClickBlock(Lnet/minecraftforge/event/entity/player/PlayerInteractEvent$RightClickBlock;)V
		22: ASM: class net.mcreator.boh.procedures.XenomorphBloodBlockAddedProcedure onRightClickBlock(Lnet/minecraftforge/event/entity/player/PlayerInteractEvent$RightClickBlock;)V
		23: ASM: class net.mcreator.boh.procedures.StripBOHWoodProcedure onRightClickBlock(Lnet/minecraftforge/event/entity/player/PlayerInteractEvent$RightClickBlock;)V
		24: ASM: class net.mcreator.boh.procedures.PickupBucketBloodProcedure onRightClickBlock(Lnet/minecraftforge/event/entity/player/PlayerInteractEvent$RightClickBlock;)V
		25: net.minecraftforge.eventbus.EventBus$$Lambda$1493/0x0000774594665380@80b4e2
		26: net.minecraftforge.eventbus.EventBus$$Lambda$1493/0x0000774594665380@14a19a4c
		27: net.minecraftforge.eventbus.EventBus$$Lambda$1493/0x0000774594665380@b1d274b
		28: net.minecraftforge.eventbus.EventBus$$Lambda$1493/0x0000774594665380@497d4b6b
		29: net.minecraftforge.eventbus.EventBus$$Lambda$1493/0x0000774594665380@4cdfc102
		30: net.minecraftforge.eventbus.EventBus$$Lambda$1493/0x0000774594665380@54b4512f
		31: net.minecraftforge.eventbus.EventBus$$Lambda$1493/0x0000774594665380@36f1138d
		32: net.minecraftforge.eventbus.EventBus$$Lambda$1493/0x0000774594665380@1574302b
		33: ASM: de.maxhenkel.camera.ServerEvents@27b892e7 onRightClick(Lnet/minecraftforge/event/entity/player/PlayerInteractEvent$RightClickBlock;)V
		34: LOW
		35: ASM: class io.github.edwinmindcraft.apoli.common.ApoliPowerEventHandler playerBlockInteraction(Lnet/minecraftforge/event/entity/player/PlayerInteractEvent$RightClickBlock;)V
		36: LOWEST
		37: net.minecraftforge.eventbus.EventBus$$Lambda$1493/0x0000774594665380@27913456
java.lang.RuntimeException: Attempted to load class net/minecraft/client/Minecraft for invalid dist DEDICATED_SERVER
	at MC-BOOTSTRAP/fmlloader@1.20.1-47.3.7/net.minecraftforge.fml.loading.RuntimeDistCleaner.processClassWithFlags(RuntimeDistCleaner.java:57)
	at MC-BOOTSTRAP/cpw.mods.modlauncher@10.0.9/cpw.mods.modlauncher.LaunchPluginHandler.offerClassNodeToPlugins(LaunchPluginHandler.java:88)
	at MC-BOOTSTRAP/cpw.mods.modlauncher@10.0.9/cpw.mods.modlauncher.ClassTransformer.transform(ClassTransformer.java:120)
	at MC-BOOTSTRAP/cpw.mods.modlauncher@10.0.9/cpw.mods.modlauncher.TransformingClassLoader.maybeTransformClassBytes(TransformingClassLoader.java:50)
	at cpw.mods.securejarhandler/cpw.mods.cl.ModuleClassLoader.readerToClass(ModuleClassLoader.java:113)
	at cpw.mods.securejarhandler/cpw.mods.cl.ModuleClassLoader.lambda$findClass$15(ModuleClassLoader.java:219)
	at cpw.mods.securejarhandler/cpw.mods.cl.ModuleClassLoader.loadFromModule(ModuleClassLoader.java:229)
	at cpw.mods.securejarhandler/cpw.mods.cl.ModuleClassLoader.findClass(ModuleClassLoader.java:219)
	at cpw.mods.securejarhandler/cpw.mods.cl.ModuleClassLoader.loadClass(ModuleClassLoader.java:135)
	at java.base/java.lang.ClassLoader.loadClass(ClassLoader.java:525)
	at TRANSFORMER/inka@1.0.0/net.mcreator.inka.procedures.SpawnApuIntiProcedure.execute(SpawnApuIntiProcedure.java:88)
	at TRANSFORMER/inka@1.0.0/net.mcreator.inka.procedures.SpawnApuIntiProcedure.onRightClickBlock(SpawnApuIntiProcedure.java:50)
	at TRANSFORMER/inka@1.0.0/net.mcreator.inka.procedures.__SpawnApuIntiProcedure_onRightClickBlock_RightClickBlock.invoke(.dynamic)
	at MC-BOOTSTRAP/net.minecraftforge.eventbus/net.minecraftforge.eventbus.ASMEventHandler.invoke(ASMEventHandler.java:73)
	at MC-BOOTSTRAP/net.minecraftforge.eventbus/net.minecraftforge.eventbus.EventBus.post(EventBus.java:315)
	at MC-BOOTSTRAP/net.minecraftforge.eventbus/net.minecraftforge.eventbus.EventBus.post(EventBus.java:296)
	at TRANSFORMER/forge@47.3.7/net.minecraftforge.common.ForgeHooks.onRightClickBlock(ForgeHooks.java:801)
	at TRANSFORMER/minecraft@1.20.1/net.minecraft.server.level.ServerPlayerGameMode.m_7179_(ServerPlayerGameMode.java:323)
	at TRANSFORMER/minecraft@1.20.1/net.minecraft.server.network.ServerGamePacketListenerImpl.m_6371_(ServerGamePacketListenerImpl.java:1055)
	at TRANSFORMER/minecraft@1.20.1/net.minecraft.network.protocol.game.ServerboundUseItemOnPacket.m_5797_(ServerboundUseItemOnPacket.java:34)
	at TRANSFORMER/minecraft@1.20.1/net.minecraft.network.protocol.game.ServerboundUseItemOnPacket.m_5797_(ServerboundUseItemOnPacket.java:8)
	at TRANSFORMER/minecraft@1.20.1/net.minecraft.network.protocol.PacketUtils.m_263899_(PacketUtils.java:22)
	at TRANSFORMER/minecraft@1.20.1/net.minecraft.server.TickTask.run(TickTask.java:18)
	at TRANSFORMER/minecraft@1.20.1/net.minecraft.util.thread.BlockableEventLoop.m_6367_(BlockableEventLoop.java:156)
	at TRANSFORMER/minecraft@1.20.1/net.minecraft.util.thread.ReentrantBlockableEventLoop.m_6367_(ReentrantBlockableEventLoop.java:23)
	at TRANSFORMER/minecraft@1.20.1/net.minecraft.server.MinecraftServer.m_6367_(MinecraftServer.java:770)
	at TRANSFORMER/minecraft@1.20.1/net.minecraft.server.MinecraftServer.m_6367_(MinecraftServer.java:161)
	at TRANSFORMER/minecraft@1.20.1/net.minecraft.util.thread.BlockableEventLoop.m_7245_(BlockableEventLoop.java:130)
	at TRANSFORMER/minecraft@1.20.1/net.minecraft.server.MinecraftServer.m_129961_(MinecraftServer.java:753)
	at TRANSFORMER/minecraft@1.20.1/net.minecraft.server.MinecraftServer.m_7245_(MinecraftServer.java:747)
	at TRANSFORMER/minecraft@1.20.1/net.minecraft.util.thread.BlockableEventLoop.m_18699_(BlockableEventLoop.java:115)
	at TRANSFORMER/minecraft@1.20.1/net.minecraft.server.MinecraftServer.m_130012_(MinecraftServer.java:732)
	at TRANSFORMER/minecraft@1.20.1/net.minecraft.server.MinecraftServer.m_130011_(MinecraftServer.java:665)
	at TRANSFORMER/minecraft@1.20.1/net.minecraft.server.MinecraftServer.m_206580_(MinecraftServer.java:251)
	at java.base/java.lang.Thread.run(Thread.java:840)

[20Dec2025 17:38:32.697] [Server thread/ERROR] [net.minecraft.network.protocol.PacketUtils/]: Failed to handle packet net.minecraft.network.protocol.game.ServerboundUseItemOnPacket@75550476, suppressing error
java.lang.RuntimeException: Attempted to load class net/minecraft/client/Minecraft for invalid dist DEDICATED_SERVER
	at net.minecraftforge.fml.loading.RuntimeDistCleaner.processClassWithFlags(RuntimeDistCleaner.java:57) ~[fmlloader-1.20.1-47.3.7.jar%2369!/:1.0]
	at cpw.mods.modlauncher.LaunchPluginHandler.offerClassNodeToPlugins(LaunchPluginHandler.java:88) ~[modlauncher-10.0.9.jar%2355!/:?]
	at cpw.mods.modlauncher.ClassTransformer.transform(ClassTransformer.java:120) ~[modlauncher-10.0.9.jar%2355!/:?]
	at cpw.mods.modlauncher.TransformingClassLoader.maybeTransformClassBytes(TransformingClassLoader.java:50) ~[modlauncher-10.0.9.jar%2355!/:?]
	at cpw.mods.cl.ModuleClassLoader.readerToClass(ModuleClassLoader.java:113) ~[securejarhandler-2.1.10.jar:?]
	at cpw.mods.cl.ModuleClassLoader.lambda$findClass$15(ModuleClassLoader.java:219) ~[securejarhandler-2.1.10.jar:?]
	at cpw.mods.cl.ModuleClassLoader.loadFromModule(ModuleClassLoader.java:229) ~[securejarhandler-2.1.10.jar:?]
	at cpw.mods.cl.ModuleClassLoader.findClass(ModuleClassLoader.java:219) ~[securejarhandler-2.1.10.jar:?]
	at cpw.mods.cl.ModuleClassLoader.loadClass(ModuleClassLoader.java:135) ~[securejarhandler-2.1.10.jar:?]
	at java.lang.ClassLoader.loadClass(ClassLoader.java:525) ~[?:?]
	at net.mcreator.inka.procedures.SpawnApuIntiProcedure.execute(SpawnApuIntiProcedure.java:88) ~[inka_2.0_1.20.1.jar%23194!/:?]
	at net.mcreator.inka.procedures.SpawnApuIntiProcedure.onRightClickBlock(SpawnApuIntiProcedure.java:50) ~[inka_2.0_1.20.1.jar%23194!/:?]
	at net.mcreator.inka.procedures.__SpawnApuIntiProcedure_onRightClickBlock_RightClickBlock.invoke(.dynamic) ~[inka_2.0_1.20.1.jar%23194!/:?]
	at net.minecraftforge.eventbus.ASMEventHandler.invoke(ASMEventHandler.java:73) ~[eventbus-6.0.5.jar%2352!/:?]
	at net.minecraftforge.eventbus.EventBus.post(EventBus.java:315) ~[eventbus-6.0.5.jar%2352!/:?]
	at net.minecraftforge.eventbus.EventBus.post(EventBus.java:296) ~[eventbus-6.0.5.jar%2352!/:?]
	at net.minecraftforge.common.ForgeHooks.onRightClickBlock(ForgeHooks.java:801) ~[forge-1.20.1-47.3.7-universal.jar%23230!/:?]
	at net.minecraft.server.level.ServerPlayerGameMode.m_7179_(ServerPlayerGameMode.java:323) ~[server-1.20.1-20230612.114412-srg.jar%23225!/:?]
	at net.minecraft.server.network.ServerGamePacketListenerImpl.m_6371_(ServerGamePacketListenerImpl.java:1055) ~[server-1.20.1-20230612.114412-srg.jar%23225!/:?]
	at net.minecraft.network.protocol.game.ServerboundUseItemOnPacket.m_5797_(ServerboundUseItemOnPacket.java:34) ~[server-1.20.1-20230612.114412-srg.jar%23225!/:?]
	at net.minecraft.network.protocol.game.ServerboundUseItemOnPacket.m_5797_(ServerboundUseItemOnPacket.java:8) ~[server-1.20.1-20230612.114412-srg.jar%23225!/:?]
	at net.minecraft.network.protocol.PacketUtils.m_263899_(PacketUtils.java:22) ~[server-1.20.1-20230612.114412-srg.jar%23225!/:?]
	at net.minecraft.server.TickTask.run(TickTask.java:18) ~[server-1.20.1-20230612.114412-srg.jar%23225!/:?]
	at net.minecraft.util.thread.BlockableEventLoop.m_6367_(BlockableEventLoop.java:156) ~[server-1.20.1-20230612.114412-srg.jar%23225!/:?]
	at net.minecraft.util.thread.ReentrantBlockableEventLoop.m_6367_(ReentrantBlockableEventLoop.java:23) ~[server-1.20.1-20230612.114412-srg.jar%23225!/:?]
	at net.minecraft.server.MinecraftServer.m_6367_(MinecraftServer.java:770) ~[server-1.20.1-20230612.114412-srg.jar%23225!/:?]
	at net.minecraft.server.MinecraftServer.m_6367_(MinecraftServer.java:161) ~[server-1.20.1-20230612.114412-srg.jar%23225!/:?]
	at net.minecraft.util.thread.BlockableEventLoop.m_7245_(BlockableEventLoop.java:130) ~[server-1.20.1-20230612.114412-srg.jar%23225!/:?]
	at net.minecraft.server.MinecraftServer.m_129961_(MinecraftServer.java:753) ~[server-1.20.1-20230612.114412-srg.jar%23225!/:?]
	at net.minecraft.server.MinecraftServer.m_7245_(MinecraftServer.java:747) ~[server-1.20.1-20230612.114412-srg.jar%23225!/:?]
	at net.minecraft.util.thread.BlockableEventLoop.m_18699_(BlockableEventLoop.java:115) ~[server-1.20.1-20230612.114412-srg.jar%23225!/:?]
	at net.minecraft.server.MinecraftServer.m_130012_(MinecraftServer.java:732) ~[server-1.20.1-20230612.114412-srg.jar%23225!/:?]
	at net.minecraft.server.MinecraftServer.m_130011_(MinecraftServer.java:665) ~[server-1.20.1-20230612.114412-srg.jar%23225!/:?]
	at net.minecraft.server.MinecraftServer.m_206580_(MinecraftServer.java:251) ~[server-1.20.1-20230612.114412-srg.jar%23225!/:?]
	at java.lang.Thread.run(Thread.java:840) ~[?:?]
[20Dec2025 17:38:58.062] [Worker-Main-3/WARN] [ModernFix/]: Skipped emitting ENTITY_MOUNT game event for entity Strider['Strider'/22386, l='ServerLevel[world]', x=-1716.00, y=31.00, z=2314.00] as it would cause deadlock
[20Dec2025 17:39:17.677] [Server thread/WARN] [net.minecraft.server.network.ServerGamePacketListenerImpl/]: Topy_16 moved too quickly! -5.215618017614133,4.807704888766274,7.398409289253323
[20Dec2025 17:39:21.183] [Server thread/WARN] [net.minecraft.server.MinecraftServer/]: Can't keep up! Is the server overloaded? Running 2018ms or 40 ticks behind
[20Dec2025 17:40:23.222] [Server thread/INFO] [net.minecraft.server.MinecraftServer/]: Pancito_10 was slain by Piglin Brute
[20Dec2025 17:40:24.239] [Server thread/INFO] [net.minecraft.server.MinecraftServer/]: D3M0N has completed the challenge [Cover Me in Debris]
[20Dec2025 17:40:56.270] [Server thread/INFO] [net.minecraft.server.MinecraftServer/]: [Not Secure] <Pancito_10> andy
[20Dec2025 17:41:37.491] [Server thread/WARN] [net.minecraft.server.MinecraftServer/]: Can't keep up! Is the server overloaded? Running 41226ms or 824 ticks behind
[20Dec2025 17:41:37.557] [Server thread/INFO] [net.minecraft.server.network.ServerGamePacketListenerImpl/]: Pancito_10 lost connection: Disconnected
[20Dec2025 17:41:37.558] [Server thread/INFO] [net.minecraft.server.MinecraftServer/]: Pancito_10 left the game
[20Dec2025 17:41:37.560] [Server thread/INFO] [voicechat/]: [voicechat] Disconnecting client Pancito_10
[20Dec2025 17:41:40.576] [Netty Epoll Server IO #5/INFO] [Calio/]: Received acknowledgment for login packet with id 0
[20Dec2025 17:41:40.663] [Netty Epoll Server IO #5/INFO] [Calio/]: Received acknowledgment for login packet with id 1
[20Dec2025 17:41:40.732] [Netty Epoll Server IO #5/INFO] [Calio/]: Received acknowledgment for login packet with id 2
[20Dec2025 17:41:40.782] [Netty Epoll Server IO #5/INFO] [Calio/]: Received acknowledgment for login packet with id 3
[20Dec2025 17:41:40.832] [Netty Epoll Server IO #5/INFO] [Calio/]: Received acknowledgment for login packet with id 4
[20Dec2025 17:41:40.884] [Netty Epoll Server IO #5/INFO] [Calio/]: Received acknowledgment for login packet with id 5
[20Dec2025 17:41:40.934] [Netty Epoll Server IO #5/INFO] [Calio/]: Received acknowledgment for login packet with id 6
[20Dec2025 17:41:40.979] [Netty Epoll Server IO #5/INFO] [Calio/]: Received acknowledgment for login packet with id 7
[20Dec2025 17:41:41.027] [Netty Epoll Server IO #5/INFO] [Calio/]: Received acknowledgment for login packet with id 8
[20Dec2025 17:41:41.083] [Netty Epoll Server IO #5/INFO] [Calio/]: Received acknowledgment for login packet with id 9
[20Dec2025 17:41:41.125] [Netty Epoll Server IO #5/INFO] [Calio/]: Received acknowledgment for login packet with id 10
[20Dec2025 17:41:41.177] [Netty Epoll Server IO #5/INFO] [Calio/]: Received acknowledgment for login packet with id 11
[20Dec2025 17:41:41.556] [Netty Epoll Server IO #5/INFO] [Calio/]: Received acknowledgment for login packet with id 12
[20Dec2025 17:41:41.557] [Netty Epoll Server IO #5/INFO] [Calio/]: Received acknowledgment for login packet with id 13
[20Dec2025 17:41:41.563] [Netty Epoll Server IO #5/INFO] [Calio/]: Received acknowledgment for login packet with id 14
[20Dec2025 17:41:41.635] [Netty Epoll Server IO #5/INFO] [Calio/]: Received acknowledgment for login packet with id 15
[20Dec2025 17:41:44.081] [Server thread/INFO] [net.minecraft.server.MinecraftServer/]: [Not Secure] <Topy_16> que
[20Dec2025 17:41:45.003] [Server thread/INFO] [net.minecraft.server.players.PlayerList/]: Pancito_10[/127.176.216.215:47829] logged in with entity id 24628 at (-1058.862208622528, 60.0, 186.04651860517805)
[20Dec2025 17:41:45.031] [Server thread/INFO] [net.minecraft.server.MinecraftServer/]: Pancito_10 joined the game
[20Dec2025 17:41:45.036] [Server thread/INFO] [Jade/]: Syncing config to Pancito_10 (c5130c8b-ae1e-30dc-845a-cdec1e7ec5f6)
[20Dec2025 17:41:45.397] [Server thread/INFO] [voicechat/]: [voicechat] Received secret request of Pancito_10 (18)
[20Dec2025 17:41:45.398] [Server thread/INFO] [voicechat/]: [voicechat] Sent secret to Pancito_10
[20Dec2025 17:41:47.347] [VoiceChatPacketProcessingThread/INFO] [voicechat/]: [voicechat] Successfully authenticated player c5130c8b-ae1e-30dc-845a-cdec1e7ec5f6
[20Dec2025 17:41:47.652] [Server thread/INFO] [net.minecraft.server.MinecraftServer/]: [Not Secure] <Topy_16> que
[20Dec2025 17:41:49.354] [VoiceChatPacketProcessingThread/INFO] [voicechat/]: [voicechat] Successfully validated connection of player c5130c8b-ae1e-30dc-845a-cdec1e7ec5f6
[20Dec2025 17:41:49.355] [VoiceChatPacketProcessingThread/INFO] [voicechat/]: [voicechat] Player Pancito_10 (c5130c8b-ae1e-30dc-845a-cdec1e7ec5f6) successfully connected to voice chat
[20Dec2025 17:41:51.163] [Server thread/INFO] [net.minecraft.server.MinecraftServer/]: [Not Secure] <Pancito_10> ayudame pe
[20Dec2025 17:41:57.583] [Server thread/WARN] [net.minecraft.server.MinecraftServer/]: Can't keep up! Is the server overloaded? Running 5117ms or 102 ticks behind
[20Dec2025 17:42:21.208] [Server thread/WARN] [net.minecraft.world.entity.EntityType/]: Exception loading entity: 
net.minecraft.ReportedException: Loading entity NBT
	at net.minecraft.world.entity.Entity.m_20258_(Entity.java:1765) ~[server-1.20.1-20230612.114412-srg.jar%23225!/:?]
	at net.minecraft.world.entity.EntityType.m_185988_(EntityType.java:532) ~[server-1.20.1-20230612.114412-srg.jar%23225!/:?]
	at net.minecraft.Util.m_137521_(Util.java:419) ~[server-1.20.1-20230612.114412-srg.jar%23225!/:?]
	at net.minecraft.world.entity.EntityType.m_20642_(EntityType.java:529) ~[server-1.20.1-20230612.114412-srg.jar%23225!/:?]
	at net.minecraft.world.entity.EntityType.m_20669_(EntityType.java:607) ~[server-1.20.1-20230612.114412-srg.jar%23225!/:?]
	at net.minecraft.world.entity.EntityType.m_20645_(EntityType.java:563) ~[server-1.20.1-20230612.114412-srg.jar%23225!/:?]
	at net.minecraft.world.entity.EntityType$1.m_147056_(EntityType.java:584) ~[server-1.20.1-20230612.114412-srg.jar%23225!/:?]
	at java.util.Spliterators$IteratorSpliterator.tryAdvance(Spliterators.java:1856) ~[?:?]
	at net.minecraft.world.entity.EntityType$1.tryAdvance(EntityType.java:583) ~[server-1.20.1-20230612.114412-srg.jar%23225!/:?]
	at java.util.Spliterator.forEachRemaining(Spliterator.java:332) ~[?:?]
	at java.util.stream.AbstractPipeline.copyInto(AbstractPipeline.java:509) ~[?:?]
	at java.util.stream.AbstractPipeline.wrapAndCopyInto(AbstractPipeline.java:499) ~[?:?]
	at java.util.stream.ReduceOps$ReduceOp.evaluateSequential(ReduceOps.java:921) ~[?:?]
	at java.util.stream.AbstractPipeline.evaluate(AbstractPipeline.java:234) ~[?:?]
	at java.util.stream.ReferencePipeline.collect(ReferencePipeline.java:682) ~[?:?]
	at net.minecraft.world.level.chunk.storage.EntityStorage.m_223456_(EntityStorage.java:62) ~[server-1.20.1-20230612.114412-srg.jar%23225!/:?]
	at java.util.concurrent.CompletableFuture$UniApply.tryFire(CompletableFuture.java:646) ~[?:?]
	at java.util.concurrent.CompletableFuture$Completion.run(CompletableFuture.java:482) ~[?:?]
	at net.minecraft.util.thread.ProcessorMailbox.m_18759_(ProcessorMailbox.java:91) ~[server-1.20.1-20230612.114412-srg.jar%23225!/:?]
	at net.minecraft.util.thread.ProcessorMailbox.m_18747_(ProcessorMailbox.java:146) ~[server-1.20.1-20230612.114412-srg.jar%23225!/:?]
	at net.minecraft.util.thread.ProcessorMailbox.run(ProcessorMailbox.java:102) ~[server-1.20.1-20230612.114412-srg.jar%23225!/:?]
	at net.minecraft.server.TickTask.run(TickTask.java:18) ~[server-1.20.1-20230612.114412-srg.jar%23225!/:?]
	at net.minecraft.util.thread.BlockableEventLoop.m_6367_(BlockableEventLoop.java:156) ~[server-1.20.1-20230612.114412-srg.jar%23225!/:?]
	at net.minecraft.util.thread.ReentrantBlockableEventLoop.m_6367_(ReentrantBlockableEventLoop.java:23) ~[server-1.20.1-20230612.114412-srg.jar%23225!/:?]
	at net.minecraft.server.MinecraftServer.m_6367_(MinecraftServer.java:770) ~[server-1.20.1-20230612.114412-srg.jar%23225!/:?]
	at net.minecraft.server.MinecraftServer.m_6367_(MinecraftServer.java:161) ~[server-1.20.1-20230612.114412-srg.jar%23225!/:?]
	at net.minecraft.util.thread.BlockableEventLoop.m_7245_(BlockableEventLoop.java:130) ~[server-1.20.1-20230612.114412-srg.jar%23225!/:?]
	at net.minecraft.server.MinecraftServer.m_129961_(MinecraftServer.java:753) ~[server-1.20.1-20230612.114412-srg.jar%23225!/:?]
	at net.minecraft.server.MinecraftServer.m_7245_(MinecraftServer.java:747) ~[server-1.20.1-20230612.114412-srg.jar%23225!/:?]
	at net.minecraft.util.thread.BlockableEventLoop.m_18699_(BlockableEventLoop.java:115) ~[server-1.20.1-20230612.114412-srg.jar%23225!/:?]
	at net.minecraft.server.MinecraftServer.m_130012_(MinecraftServer.java:732) ~[server-1.20.1-20230612.114412-srg.jar%23225!/:?]
	at net.minecraft.server.MinecraftServer.m_130011_(MinecraftServer.java:665) ~[server-1.20.1-20230612.114412-srg.jar%23225!/:?]
	at net.minecraft.server.MinecraftServer.m_206580_(MinecraftServer.java:251) ~[server-1.20.1-20230612.114412-srg.jar%23225!/:?]
	at java.lang.Thread.run(Thread.java:840) ~[?:?]
Caused by: java.lang.IllegalStateException: Entity has invalid position
	at net.minecraft.world.entity.Entity.m_20258_(Entity.java:1759) ~[server-1.20.1-20230612.114412-srg.jar%23225!/:?]
	... 33 more
[20Dec2025 17:42:37.494] [Server thread/WARN] [net.minecraft.server.MinecraftServer/]: Can't keep up! Is the server overloaded? Running 16479ms or 329 ticks behind
[20Dec2025 17:42:37.633] [Server thread/WARN] [net.minecraft.server.network.ServerGamePacketListenerImpl/]: Pancito_10 moved too quickly! -6.321920385863905,-0.5800000131130219,7.903233998880154
[20Dec2025 17:42:37.637] [Server thread/WARN] [net.minecraft.server.network.ServerGamePacketListenerImpl/]: Topy_16 moved too quickly! -7.935275822998619,0.46787216401524034,6.457057421356808
[20Dec2025 17:42:43.481] [Server thread/INFO] [net.minecraft.server.MinecraftServer/]: [Not Secure] <Maufer772> a
[20Dec2025 17:44:15.497] [Server thread/INFO] [net.minecraft.server.MinecraftServer/]: [Not Secure] <Topy_16> tp
[20Dec2025 17:44:51.898] [Server thread/INFO] [net.minecraft.server.MinecraftServer/]: Pancito_10 withered away
[20Dec2025 17:45:16.349] [Server thread/INFO] [net.minecraft.server.MinecraftServer/]: Pancito_10 has made the advancement [Spooky Scary Skeleton]
[20Dec2025 17:46:06.798] [Server thread/INFO] [net.minecraft.server.MinecraftServer/]: Pancito_10 tried to swim in lava to escape Soul Skeleton
[20Dec2025 17:46:21.260] [Server thread/INFO] [net.minecraft.server.MinecraftServer/]: Pancito_10 tried to swim in lava
[20Dec2025 17:47:19.840] [Server thread/INFO] [net.minecraft.server.MinecraftServer/]: MigueLC1110 was slain by Netherite Monstrosity
[20Dec2025 17:48:26.898] [Server thread/INFO] [net.minecraft.server.MinecraftServer/]: MigueLC1110 was slain by Netherite Monstrosity
[20Dec2025 17:48:59.058] [Server thread/WARN] [net.minecraft.server.level.ServerPlayerGameMode/]: Mismatch in destroy block pos: BlockPos{x=-1362, y=8, z=871} BlockPos{x=-1362, y=6, z=870}
[20Dec2025 17:49:14.804] [Server thread/WARN] [net.minecraft.server.level.ServerPlayerGameMode/]: Mismatch in destroy block pos: BlockPos{x=-1364, y=14, z=890} BlockPos{x=-1364, y=15, z=889}
[20Dec2025 17:49:16.655] [Server thread/WARN] [net.minecraft.server.level.ServerPlayerGameMode/]: Mismatch in destroy block pos: BlockPos{x=-1365, y=15, z=889} BlockPos{x=-1366, y=14, z=889}
[20Dec2025 17:49:33.650] [Server thread/INFO] [net.minecraft.server.MinecraftServer/]: Topy_16 burned to death
[20Dec2025 17:50:32.251] [Server thread/INFO] [net.minecraft.server.MinecraftServer/]: [Maufer772: Set own game mode to Spectator Mode]
[20Dec2025 17:51:00.466] [Server thread/INFO] [net.minecraft.server.MinecraftServer/]: MigueLC1110 withered away whilst fighting Wither Knight
[20Dec2025 17:51:11.369] [Server thread/INFO] [net.minecraft.server.MinecraftServer/]: [Not Secure] <Topy_16> wither knight?? ala
[20Dec2025 17:51:22.476] [Server thread/WARN] [net.minecraft.server.level.ServerPlayerGameMode/]: Mismatch in destroy block pos: BlockPos{x=-1458, y=15, z=867} BlockPos{x=-1457, y=15, z=867}
[20Dec2025 17:51:22.539] [Server thread/WARN] [net.minecraft.server.level.ServerPlayerGameMode/]: Mismatch in destroy block pos: BlockPos{x=-1459, y=14, z=867} BlockPos{x=-1457, y=15, z=867}
[20Dec2025 17:51:27.271] [Server thread/WARN] [net.minecraft.server.level.ServerPlayerGameMode/]: Mismatch in destroy block pos: BlockPos{x=-1464, y=12, z=867} BlockPos{x=-1463, y=12, z=866}
[20Dec2025 17:51:27.322] [Server thread/WARN] [net.minecraft.server.level.ServerPlayerGameMode/]: Mismatch in destroy block pos: BlockPos{x=-1464, y=12, z=867} BlockPos{x=-1463, y=12, z=866}
[20Dec2025 17:51:33.694] [Server thread/WARN] [net.minecraft.server.level.ServerPlayerGameMode/]: Mismatch in destroy block pos: BlockPos{x=-1461, y=10, z=857} BlockPos{x=-1461, y=9, z=856}
[20Dec2025 17:51:43.971] [Server thread/INFO] [net.minecraft.server.MinecraftServer/]: [Maufer772: Set own game mode to Survival Mode]
[20Dec2025 17:52:28.235] [Server thread/INFO] [net.minecraft.server.MinecraftServer/]: Pancito_10 was slain by Piglin Brute
[20Dec2025 17:52:31.191] [Server thread/INFO] [net.minecraft.server.MinecraftServer/]: [Not Secure] <Topy_16> bruh
[20Dec2025 17:52:40.163] [Server thread/INFO] [net.minecraft.server.MinecraftServer/]: [Not Secure] <Pancito_10> no puedo con mi net we
[20Dec2025 17:52:59.247] [Server thread/WARN] [net.minecraft.server.MinecraftServer/]: Can't keep up! Is the server overloaded? Running 2032ms or 40 ticks behind
[20Dec2025 17:53:31.929] [VoiceChatPacketProcessingThread/INFO] [voicechat/]: [voicechat] Player 19202c85-9d4b-3427-b74b-e43523119222 timed out
[20Dec2025 17:53:37.488] [VoiceChatPacketProcessingThread/INFO] [voicechat/]: [voicechat] Reconnecting player Topy_16
[20Dec2025 17:53:37.490] [VoiceChatPacketProcessingThread/INFO] [voicechat/]: [voicechat] Sent secret to Topy_16
[20Dec2025 17:53:37.502] [VoiceChatPacketProcessingThread/INFO] [voicechat/]: [voicechat] Player c5130c8b-ae1e-30dc-845a-cdec1e7ec5f6 timed out
[20Dec2025 17:53:37.503] [VoiceChatPacketProcessingThread/INFO] [voicechat/]: [voicechat] Reconnecting player Pancito_10
[20Dec2025 17:53:37.503] [VoiceChatPacketProcessingThread/INFO] [voicechat/]: [voicechat] Sent secret to Pancito_10
[20Dec2025 17:53:37.570] [Server thread/INFO] [net.minecraft.server.network.ServerGamePacketListenerImpl/]: Topy_16 lost connection: Disconnected
[20Dec2025 17:53:37.571] [Server thread/INFO] [net.minecraft.server.MinecraftServer/]: Topy_16 left the game
[20Dec2025 17:53:37.571] [Server thread/INFO] [voicechat/]: [voicechat] Disconnecting client Topy_16
[20Dec2025 17:53:37.595] [Server thread/INFO] [net.minecraft.server.network.ServerGamePacketListenerImpl/]: Pancito_10 lost connection: Disconnected
[20Dec2025 17:53:37.595] [Server thread/INFO] [net.minecraft.server.MinecraftServer/]: Pancito_10 left the game
[20Dec2025 17:53:37.596] [Server thread/INFO] [voicechat/]: [voicechat] Disconnecting client Pancito_10
[20Dec2025 17:53:37.659] [Server thread/WARN] [net.minecraft.server.network.ServerGamePacketListenerImpl/]: D3M0N moved too quickly! 6.329302547278417,5.001335979112149,-6.080190017516983
[20Dec2025 17:53:37.659] [Server thread/WARN] [net.minecraft.server.network.ServerGamePacketListenerImpl/]: MigueLC1110 moved too quickly! 0.2751525324884767,5.0,8.692929986875527
[20Dec2025 17:53:37.760] [Netty Epoll Server IO #7/INFO] [Calio/]: Received acknowledgment for login packet with id 0
[20Dec2025 17:53:37.787] [Netty Epoll Server IO #3/INFO] [Calio/]: Received acknowledgment for login packet with id 0
[20Dec2025 17:53:37.875] [Netty Epoll Server IO #7/INFO] [Calio/]: Received acknowledgment for login packet with id 1
[20Dec2025 17:53:37.892] [Netty Epoll Server IO #3/INFO] [Calio/]: Received acknowledgment for login packet with id 1
[20Dec2025 17:53:37.996] [Netty Epoll Server IO #7/INFO] [Calio/]: Received acknowledgment for login packet with id 2
[20Dec2025 17:53:37.996] [Netty Epoll Server IO #3/INFO] [Calio/]: Received acknowledgment for login packet with id 2
[20Dec2025 17:53:38.055] [Netty Epoll Server IO #7/INFO] [Calio/]: Received acknowledgment for login packet with id 3
[20Dec2025 17:53:38.087] [Netty Epoll Server IO #3/INFO] [Calio/]: Received acknowledgment for login packet with id 3
[20Dec2025 17:53:38.094] [Netty Epoll Server IO #3/INFO] [Calio/]: Received acknowledgment for login packet with id 4
[20Dec2025 17:53:38.095] [Netty Epoll Server IO #7/INFO] [Calio/]: Received acknowledgment for login packet with id 4
[20Dec2025 17:53:38.142] [Netty Epoll Server IO #3/INFO] [Calio/]: Received acknowledgment for login packet with id 5
[20Dec2025 17:53:38.145] [Netty Epoll Server IO #7/INFO] [Calio/]: Received acknowledgment for login packet with id 5
[20Dec2025 17:53:38.186] [Netty Epoll Server IO #7/INFO] [Calio/]: Received acknowledgment for login packet with id 6
[20Dec2025 17:53:38.186] [Netty Epoll Server IO #3/INFO] [Calio/]: Received acknowledgment for login packet with id 6
[20Dec2025 17:53:38.225] [Netty Epoll Server IO #7/INFO] [Calio/]: Received acknowledgment for login packet with id 7
[20Dec2025 17:53:38.233] [Netty Epoll Server IO #3/INFO] [Calio/]: Received acknowledgment for login packet with id 7
[20Dec2025 17:53:38.257] [Netty Epoll Server IO #3/INFO] [Calio/]: Received acknowledgment for login packet with id 8
[20Dec2025 17:53:38.267] [Netty Epoll Server IO #7/INFO] [Calio/]: Received acknowledgment for login packet with id 8
[20Dec2025 17:53:38.290] [Netty Epoll Server IO #7/INFO] [Calio/]: Received acknowledgment for login packet with id 9
[20Dec2025 17:53:38.304] [Netty Epoll Server IO #3/INFO] [Calio/]: Received acknowledgment for login packet with id 9
[20Dec2025 17:53:38.337] [Netty Epoll Server IO #3/INFO] [Calio/]: Received acknowledgment for login packet with id 10
[20Dec2025 17:53:38.346] [Netty Epoll Server IO #7/INFO] [Calio/]: Received acknowledgment for login packet with id 10
[20Dec2025 17:53:38.370] [Netty Epoll Server IO #3/INFO] [Calio/]: Received acknowledgment for login packet with id 11
[20Dec2025 17:53:38.390] [Netty Epoll Server IO #7/INFO] [Calio/]: Received acknowledgment for login packet with id 11
[20Dec2025 17:53:38.739] [Netty Epoll Server IO #7/INFO] [Calio/]: Received acknowledgment for login packet with id 12
[20Dec2025 17:53:38.739] [Netty Epoll Server IO #7/INFO] [Calio/]: Received acknowledgment for login packet with id 13
[20Dec2025 17:53:38.767] [Netty Epoll Server IO #3/INFO] [Calio/]: Received acknowledgment for login packet with id 12
[20Dec2025 17:53:38.768] [Netty Epoll Server IO #3/INFO] [Calio/]: Received acknowledgment for login packet with id 13
[20Dec2025 17:53:38.771] [Netty Epoll Server IO #3/INFO] [Calio/]: Received acknowledgment for login packet with id 14
[20Dec2025 17:53:38.827] [Netty Epoll Server IO #7/INFO] [Calio/]: Received acknowledgment for login packet with id 14
[20Dec2025 17:53:38.852] [Netty Epoll Server IO #3/INFO] [Calio/]: Received acknowledgment for login packet with id 15
[20Dec2025 17:53:38.991] [Netty Epoll Server IO #7/INFO] [Calio/]: Received acknowledgment for login packet with id 15
[20Dec2025 17:53:42.381] [Server thread/INFO] [net.minecraft.server.players.PlayerList/]: Topy_16[/127.233.93.135:54897] logged in with entity id 37672 at (-1502.300000011921, 6.0, 829.3000000119209)
[20Dec2025 17:53:42.412] [Server thread/INFO] [net.minecraft.server.MinecraftServer/]: Topy_16 joined the game
[20Dec2025 17:53:42.427] [Server thread/INFO] [Jade/]: Syncing config to Topy_16 (19202c85-9d4b-3427-b74b-e43523119222)
[20Dec2025 17:53:42.471] [Server thread/INFO] [net.minecraft.server.players.PlayerList/]: Pancito_10[/127.176.216.215:58495] logged in with entity id 37673 at (-8542.5, 60.0, 1377.5)
[20Dec2025 17:53:42.505] [Server thread/INFO] [net.minecraft.server.MinecraftServer/]: Pancito_10 joined the game
[20Dec2025 17:53:42.516] [Server thread/INFO] [Jade/]: Syncing config to Pancito_10 (c5130c8b-ae1e-30dc-845a-cdec1e7ec5f6)
[20Dec2025 17:53:42.704] [Server thread/INFO] [voicechat/]: [voicechat] Received secret request of Topy_16 (18)
[20Dec2025 17:53:42.707] [Server thread/INFO] [voicechat/]: [voicechat] Sent secret to Topy_16
[20Dec2025 17:53:42.934] [Server thread/INFO] [voicechat/]: [voicechat] Received secret request of Pancito_10 (18)
[20Dec2025 17:53:42.934] [Server thread/INFO] [voicechat/]: [voicechat] Sent secret to Pancito_10
[20Dec2025 17:53:44.143] [VoiceChatPacketProcessingThread/INFO] [voicechat/]: [voicechat] Successfully authenticated player 19202c85-9d4b-3427-b74b-e43523119222
[20Dec2025 17:53:44.816] [VoiceChatPacketProcessingThread/INFO] [voicechat/]: [voicechat] Successfully authenticated player c5130c8b-ae1e-30dc-845a-cdec1e7ec5f6
[20Dec2025 17:53:45.139] [VoiceChatPacketProcessingThread/INFO] [voicechat/]: [voicechat] Successfully validated connection of player 19202c85-9d4b-3427-b74b-e43523119222
[20Dec2025 17:53:45.139] [VoiceChatPacketProcessingThread/INFO] [voicechat/]: [voicechat] Player Topy_16 (19202c85-9d4b-3427-b74b-e43523119222) successfully connected to voice chat
[20Dec2025 17:53:46.820] [VoiceChatPacketProcessingThread/INFO] [voicechat/]: [voicechat] Successfully validated connection of player c5130c8b-ae1e-30dc-845a-cdec1e7ec5f6
[20Dec2025 17:53:46.820] [VoiceChatPacketProcessingThread/INFO] [voicechat/]: [voicechat] Player Pancito_10 (c5130c8b-ae1e-30dc-845a-cdec1e7ec5f6) successfully connected to voice chat
[20Dec2025 17:54:00.600] [Server thread/INFO] [net.minecraft.server.MinecraftServer/]: MigueLC1110 has made the advancement [Spooky Scary Skeleton]
[20Dec2025 17:54:01.145] [Server thread/WARN] [net.minecraft.server.MinecraftServer/]: Can't keep up! Is the server overloaded? Running 46930ms or 938 ticks behind
[20Dec2025 17:55:04.212] [Server thread/WARN] [net.minecraft.server.level.ServerPlayerGameMode/]: Mismatch in destroy block pos: BlockPos{x=-1508, y=29, z=818} BlockPos{x=-1508, y=28, z=818}
[20Dec2025 17:55:21.303] [Server thread/INFO] [net.minecraft.server.MinecraftServer/]: [Maufer772: Set own game mode to Creative Mode]
[20Dec2025 17:55:26.118] [Server thread/INFO] [net.minecraft.server.MinecraftServer/]: [Maufer772: Set own game mode to Survival Mode]
[20Dec2025 17:56:06.246] [Server thread/INFO] [net.minecraft.server.MinecraftServer/]: Maufer772 has made the advancement [Hidden in the Depths]
[20Dec2025 17:56:20.868] [Server thread/INFO] [net.minecraft.server.MinecraftServer/]: [Not Secure] <MigueLC1110> recien pe
[20Dec2025 17:58:56.453] [Server thread/ERROR] [sophisticatedbackpacks/]: Error getting backpack wrapper - Unable to find backpack at slot index 0 in "main" inventory handler
[20Dec2025 17:59:17.612] [Server thread/WARN] [net.minecraft.server.network.ServerGamePacketListenerImpl/]: Maufer772 moved too quickly! 7.1202628996060895,-5.005038808501794,-5.28194791183229
[20Dec2025 17:59:17.642] [Server thread/WARN] [net.minecraft.server.network.ServerGamePacketListenerImpl/]: MigueLC1110 moved too quickly! 3.5346476813106307,1.1661092609382138,9.444601030488414
[20Dec2025 17:59:17.649] [Server thread/WARN] [net.minecraft.server.MinecraftServer/]: Can't keep up! Is the server overloaded? Running 4584ms or 91 ticks behind
[20Dec2025 17:59:23.385] [Server thread/INFO] [net.minecraft.server.MinecraftServer/]: [Maufer772: Set own game mode to Creative Mode]
[20Dec2025 17:59:24.933] [Server thread/INFO] [net.minecraft.server.MinecraftServer/]: [Maufer772: Set own game mode to Spectator Mode]
[20Dec2025 17:59:38.869] [Server thread/INFO] [net.minecraft.server.MinecraftServer/]: [Maufer772: Set own game mode to Creative Mode]
[20Dec2025 17:59:39.583] [Server thread/INFO] [net.minecraft.server.MinecraftServer/]: Pancito_10 has made the advancement [Hidden in the Depths]
[20Dec2025 17:59:41.495] [Server thread/INFO] [net.minecraft.server.MinecraftServer/]: [Maufer772: Set own game mode to Survival Mode]
[20Dec2025 17:59:50.345] [Server thread/INFO] [net.minecraft.server.MinecraftServer/]: Maufer772 has made the advancement [Best Friends Forever]
[20Dec2025 18:00:05.469] [Server thread/WARN] [net.minecraft.server.MinecraftServer/]: Can't keep up! Is the server overloaded? Running 2004ms or 40 ticks behind
[20Dec2025 18:01:07.451] [Server thread/INFO] [net.minecraft.world.entity.npc.Villager/]: Villager Villager['Armorer'/41005, l='ServerLevel[world]', x=247.40, y=109.00, z=-194.55] died, message: 'Armorer was slain by D3M0N'
[20Dec2025 18:01:09.050] [Server thread/INFO] [net.minecraft.world.entity.npc.Villager/]: Villager Villager['Unemployed'/41004, l='ServerLevel[world]', x=247.02, y=111.25, z=-198.21] died, message: 'Unemployed was slain by D3M0N'
[20Dec2025 18:03:53.645] [Server thread/INFO] [net.minecraft.server.MinecraftServer/]: D3M0N has made the advancement [Ice Bucket Challenge]
[20Dec2025 18:05:38.722] [Server thread/INFO] [net.minecraft.server.MinecraftServer/]: MigueLC1110 was shot by D3M0N
[20Dec2025 18:05:45.070] [Server thread/WARN] [net.minecraft.server.MinecraftServer/]: Can't keep up! Is the server overloaded? Running 2005ms or 40 ticks behind
[20Dec2025 18:06:06.779] [Server thread/WARN] [net.minecraft.server.MinecraftServer/]: Can't keep up! Is the server overloaded? Running 6714ms or 134 ticks behind
[20Dec2025 18:07:42.637] [Server thread/INFO] [net.minecraft.server.MinecraftServer/]: [Not Secure] <Topy_16> lo invoco
[20Dec2025 18:07:43.903] [Server thread/WARN] [net.minecraft.server.level.ServerPlayerGameMode/]: Mismatch in destroy block pos: BlockPos{x=-3185, y=69, z=-620} BlockPos{x=-3186, y=69, z=-620}
[20Dec2025 18:07:47.303] [Server thread/WARN] [net.minecraft.world.scores.Scoreboard/]: Requested creation of existing team 'Bandits'
[20Dec2025 18:07:47.303] [Server thread/WARN] [net.minecraft.world.scores.Scoreboard/]: Requested creation of existing team 'Bandits'
[20Dec2025 18:07:47.304] [Server thread/WARN] [net.minecraft.world.scores.Scoreboard/]: Requested creation of existing team 'Bandits'
[20Dec2025 18:07:47.304] [Server thread/WARN] [net.minecraft.world.scores.Scoreboard/]: Requested creation of existing team 'Bandits'
[20Dec2025 18:07:47.304] [Server thread/WARN] [net.minecraft.world.scores.Scoreboard/]: Requested creation of existing team 'Bandits'
[20Dec2025 18:07:47.305] [Server thread/WARN] [net.minecraft.world.scores.Scoreboard/]: Requested creation of existing team 'Bandits'
[20Dec2025 18:07:52.535] [Server thread/WARN] [net.minecraft.server.MinecraftServer/]: Can't keep up! Is the server overloaded? Running 2020ms or 40 ticks behind
[20Dec2025 18:08:14.323] [Server thread/WARN] [net.minecraft.server.MinecraftServer/]: Can't keep up! Is the server overloaded? Running 6808ms or 136 ticks behind
[20Dec2025 18:10:33.934] [Server thread/INFO] [net.minecraft.server.MinecraftServer/]: Topy_16 was slain by Maledictus
[20Dec2025 18:10:36.868] [Server thread/INFO] [net.minecraft.server.MinecraftServer/]: [Not Secure] <Topy_16> lo invoco
[20Dec2025 18:10:44.042] [Server thread/INFO] [net.minecraft.server.MinecraftServer/]: Pancito_10 was cursed by Maledictus 's Arrow
[20Dec2025 18:12:25.796] [Server thread/INFO] [net.minecraft.server.network.ServerGamePacketListenerImpl/]: MigueLC1110 lost connection: Disconnected
[20Dec2025 18:12:25.797] [Server thread/INFO] [net.minecraft.server.MinecraftServer/]: MigueLC1110 left the game
[20Dec2025 18:12:25.797] [Server thread/INFO] [voicechat/]: [voicechat] Disconnecting client MigueLC1110
[20Dec2025 18:12:30.106] [Netty Epoll Server IO #4/INFO] [Calio/]: Received acknowledgment for login packet with id 0
[20Dec2025 18:12:30.139] [Netty Epoll Server IO #4/INFO] [Calio/]: Received acknowledgment for login packet with id 1
[20Dec2025 18:12:30.199] [Netty Epoll Server IO #4/INFO] [Calio/]: Received acknowledgment for login packet with id 2
[20Dec2025 18:12:30.239] [Netty Epoll Server IO #4/INFO] [Calio/]: Received acknowledgment for login packet with id 3
[20Dec2025 18:12:30.304] [Netty Epoll Server IO #4/INFO] [Calio/]: Received acknowledgment for login packet with id 4
[20Dec2025 18:12:30.357] [Netty Epoll Server IO #4/INFO] [Calio/]: Received acknowledgment for login packet with id 5
[20Dec2025 18:12:30.396] [Netty Epoll Server IO #4/INFO] [Calio/]: Received acknowledgment for login packet with id 6
[20Dec2025 18:12:30.437] [Netty Epoll Server IO #4/INFO] [Calio/]: Received acknowledgment for login packet with id 7
[20Dec2025 18:12:30.490] [Netty Epoll Server IO #4/INFO] [Calio/]: Received acknowledgment for login packet with id 8
[20Dec2025 18:12:30.536] [Netty Epoll Server IO #4/INFO] [Calio/]: Received acknowledgment for login packet with id 9
[20Dec2025 18:12:30.597] [Netty Epoll Server IO #4/INFO] [Calio/]: Received acknowledgment for login packet with id 10
[20Dec2025 18:12:30.634] [Netty Epoll Server IO #4/INFO] [Calio/]: Received acknowledgment for login packet with id 11
[20Dec2025 18:12:31.008] [Netty Epoll Server IO #4/INFO] [Calio/]: Received acknowledgment for login packet with id 12
[20Dec2025 18:12:31.008] [Netty Epoll Server IO #4/INFO] [Calio/]: Received acknowledgment for login packet with id 13
[20Dec2025 18:12:31.009] [Netty Epoll Server IO #4/INFO] [Calio/]: Received acknowledgment for login packet with id 14
[20Dec2025 18:12:31.097] [Netty Epoll Server IO #4/INFO] [Calio/]: Received acknowledgment for login packet with id 15
[20Dec2025 18:12:34.164] [Server thread/INFO] [net.minecraft.server.players.PlayerList/]: MigueLC1110[/127.238.4.90:46987] logged in with entity id 48637 at (184.16552085331978, 87.0, -340.1832811941793)
[20Dec2025 18:12:34.177] [Server thread/INFO] [net.minecraft.server.MinecraftServer/]: MigueLC1110 joined the game
[20Dec2025 18:12:34.255] [Server thread/INFO] [Jade/]: Syncing config to MigueLC1110 (81d8890b-012e-3137-b928-071e5127cc35)
[20Dec2025 18:12:34.498] [Server thread/INFO] [voicechat/]: [voicechat] Received secret request of MigueLC1110 (18)
[20Dec2025 18:12:34.499] [Server thread/INFO] [voicechat/]: [voicechat] Sent secret to MigueLC1110
[20Dec2025 18:12:35.811] [VoiceChatPacketProcessingThread/INFO] [voicechat/]: [voicechat] Successfully authenticated player 81d8890b-012e-3137-b928-071e5127cc35
[20Dec2025 18:12:37.815] [VoiceChatPacketProcessingThread/INFO] [voicechat/]: [voicechat] Successfully validated connection of player 81d8890b-012e-3137-b928-071e5127cc35
[20Dec2025 18:12:37.815] [VoiceChatPacketProcessingThread/INFO] [voicechat/]: [voicechat] Player MigueLC1110 (81d8890b-012e-3137-b928-071e5127cc35) successfully connected to voice chat
[20Dec2025 18:13:47.351] [Server thread/WARN] [net.minecraft.server.network.ServerGamePacketListenerImpl/]: Maufer772 moved wrongly!
[20Dec2025 18:14:50.227] [Server thread/WARN] [net.minecraft.world.scores.Scoreboard/]: Requested creation of existing team 'Bandits'
[20Dec2025 18:15:27.450] [Server thread/INFO] [net.minecraft.server.MinecraftServer/]: [Maufer772: Set own game mode to Creative Mode]
[20Dec2025 18:15:54.549] [Server thread/INFO] [net.minecraft.server.MinecraftServer/]: [Maufer772: Set the time to 1000]
[20Dec2025 18:16:00.051] [Server thread/INFO] [net.minecraft.server.MinecraftServer/]: [Maufer772: Set own game mode to Survival Mode]
[20Dec2025 18:16:40.801] [Server thread/INFO] [net.minecraft.server.MinecraftServer/]: [Maufer772: Applied effect Night Vision to 5 targets]
[20Dec2025 18:17:37.976] [Server thread/ERROR] [net.minecraftforge.fml.loading.RuntimeDistCleaner/DISTXFORM]: Attempted to load class net/minecraft/client/Minecraft for invalid dist DEDICATED_SERVER
[20Dec2025 18:17:37.976] [Server thread/ERROR] [net.minecraftforge.eventbus.EventBus/EVENTBUS]: Exception caught during firing event: Attempted to load class net/minecraft/client/Minecraft for invalid dist DEDICATED_SERVER
	Index: 12
	Listeners:
		0: HIGHEST
		1: ASM: class io.github.edwinmindcraft.apoli.common.ApoliPowerEventHandler preventBlockInteraction(Lnet/minecraftforge/event/entity/player/PlayerInteractEvent$RightClickBlock;)V
		2: ASM: class net.geforcemods.securitycraft.SCEventHandler highestPriorityOnRightClickBlock(Lnet/minecraftforge/event/entity/player/PlayerInteractEvent$RightClickBlock;)V
		3: HIGH
		4: ASM: class dev.architectury.event.forge.EventHandlerImplCommon eventPlayerInteractEvent(Lnet/minecraftforge/event/entity/player/PlayerInteractEvent$RightClickBlock;)V
		5: NORMAL
		6: ASM: com.bobmowzie.mowziesmobs.server.ServerEventHandler@1bf7bb08 onPlayerInteract(Lnet/minecraftforge/event/entity/player/PlayerInteractEvent$RightClickBlock;)V
		7: ASM: com.bobmowzie.mowziesmobs.server.ability.AbilityCommonEventHandler@1ecb647b onPlayerRightClickBlock(Lnet/minecraftforge/event/entity/player/PlayerInteractEvent$RightClickBlock;)V
		8: ASM: com.github.alexthe666.citadel.server.CitadelEvents@6850dacf onRightClickBlock(Lnet/minecraftforge/event/entity/player/PlayerInteractEvent$RightClickBlock;)V
		9: ASM: com.github.alexthe666.alexsmobs.event.ServerEvents@5049068f onUseItemOnBlock(Lnet/minecraftforge/event/entity/player/PlayerInteractEvent$RightClickBlock;)V
		10: ASM: class glitchcore.forge.handlers.InteractionEventHandler onRightClickBlock(Lnet/minecraftforge/event/entity/player/PlayerInteractEvent$RightClickBlock;)V
		11: ASM: class it.hurts.sskirillss.relics.items.relics.hands.WoolMittenItem$Events onBlockClick(Lnet/minecraftforge/event/entity/player/PlayerInteractEvent$RightClickBlock;)V
		12: ASM: class net.mcreator.inka.procedures.SpawnApuIntiProcedure onRightClickBlock(Lnet/minecraftforge/event/entity/player/PlayerInteractEvent$RightClickBlock;)V
		13: ASM: class net.mcreator.inka.procedures.BlockRightClickProcedure onRightClickBlock(Lnet/minecraftforge/event/entity/player/PlayerInteractEvent$RightClickBlock;)V
		14: ASM: class net.kurolib.procedures.SleepCancelRightClickBlockProcedure onRightClickBlock(Lnet/minecraftforge/event/entity/player/PlayerInteractEvent$RightClickBlock;)V
		15: ASM: class net.kurolib.procedures.InsomniaCancelSleepProcedure onRightClickBlock(Lnet/minecraftforge/event/entity/player/PlayerInteractEvent$RightClickBlock;)V
		16: ASM: class vectorwing.farmersdelight.common.item.KnifeItem$KnifeEvents onCakeInteraction(Lnet/minecraftforge/event/entity/player/PlayerInteractEvent$RightClickBlock;)V
		17: ASM: class vectorwing.farmersdelight.common.block.CuttingBoardBlock$ToolCarvingEvent onSneakPlaceTool(Lnet/minecraftforge/event/entity/player/PlayerInteractEvent$RightClickBlock;)V
		18: ASM: com.github.L_Ender.cataclysm.event.ServerEventHandler@6f5b95ed onPlayerInteract(Lnet/minecraftforge/event/entity/player/PlayerInteractEvent$RightClickBlock;)V
		19: net.minecraftforge.eventbus.EventBus$$Lambda$1493/0x0000774594665380@335e3f9c
		20: ASM: class net.geforcemods.securitycraft.SCEventHandler onRightClickBlock(Lnet/minecraftforge/event/entity/player/PlayerInteractEvent$RightClickBlock;)V
		21: ASM: class it.hurts.octostudios.rarcompat.items.necklace.ScarfOfInvisibilityItem$ScarfOfInvisibilityEvent onRightClickBlock(Lnet/minecraftforge/event/entity/player/PlayerInteractEvent$RightClickBlock;)V
		22: ASM: class net.mcreator.boh.procedures.XenomorphBloodBlockAddedProcedure onRightClickBlock(Lnet/minecraftforge/event/entity/player/PlayerInteractEvent$RightClickBlock;)V
		23: ASM: class net.mcreator.boh.procedures.StripBOHWoodProcedure onRightClickBlock(Lnet/minecraftforge/event/entity/player/PlayerInteractEvent$RightClickBlock;)V
		24: ASM: class net.mcreator.boh.procedures.PickupBucketBloodProcedure onRightClickBlock(Lnet/minecraftforge/event/entity/player/PlayerInteractEvent$RightClickBlock;)V
		25: net.minecraftforge.eventbus.EventBus$$Lambda$1493/0x0000774594665380@80b4e2
		26: net.minecraftforge.eventbus.EventBus$$Lambda$1493/0x0000774594665380@14a19a4c
		27: net.minecraftforge.eventbus.EventBus$$Lambda$1493/0x0000774594665380@b1d274b
		28: net.minecraftforge.eventbus.EventBus$$Lambda$1493/0x0000774594665380@497d4b6b
		29: net.minecraftforge.eventbus.EventBus$$Lambda$1493/0x0000774594665380@4cdfc102
		30: net.minecraftforge.eventbus.EventBus$$Lambda$1493/0x0000774594665380@54b4512f
		31: net.minecraftforge.eventbus.EventBus$$Lambda$1493/0x0000774594665380@36f1138d
		32: net.minecraftforge.eventbus.EventBus$$Lambda$1493/0x0000774594665380@1574302b
		33: ASM: de.maxhenkel.camera.ServerEvents@27b892e7 onRightClick(Lnet/minecraftforge/event/entity/player/PlayerInteractEvent$RightClickBlock;)V
		34: LOW
		35: ASM: class io.github.edwinmindcraft.apoli.common.ApoliPowerEventHandler playerBlockInteraction(Lnet/minecraftforge/event/entity/player/PlayerInteractEvent$RightClickBlock;)V
		36: LOWEST
		37: net.minecraftforge.eventbus.EventBus$$Lambda$1493/0x0000774594665380@27913456
java.lang.RuntimeException: Attempted to load class net/minecraft/client/Minecraft for invalid dist DEDICATED_SERVER
	at MC-BOOTSTRAP/fmlloader@1.20.1-47.3.7/net.minecraftforge.fml.loading.RuntimeDistCleaner.processClassWithFlags(RuntimeDistCleaner.java:57)
	at MC-BOOTSTRAP/cpw.mods.modlauncher@10.0.9/cpw.mods.modlauncher.LaunchPluginHandler.offerClassNodeToPlugins(LaunchPluginHandler.java:88)
	at MC-BOOTSTRAP/cpw.mods.modlauncher@10.0.9/cpw.mods.modlauncher.ClassTransformer.transform(ClassTransformer.java:120)
	at MC-BOOTSTRAP/cpw.mods.modlauncher@10.0.9/cpw.mods.modlauncher.TransformingClassLoader.maybeTransformClassBytes(TransformingClassLoader.java:50)
	at cpw.mods.securejarhandler/cpw.mods.cl.ModuleClassLoader.readerToClass(ModuleClassLoader.java:113)
	at cpw.mods.securejarhandler/cpw.mods.cl.ModuleClassLoader.lambda$findClass$15(ModuleClassLoader.java:219)
	at cpw.mods.securejarhandler/cpw.mods.cl.ModuleClassLoader.loadFromModule(ModuleClassLoader.java:229)
	at cpw.mods.securejarhandler/cpw.mods.cl.ModuleClassLoader.findClass(ModuleClassLoader.java:219)
	at cpw.mods.securejarhandler/cpw.mods.cl.ModuleClassLoader.loadClass(ModuleClassLoader.java:135)
	at java.base/java.lang.ClassLoader.loadClass(ClassLoader.java:525)
	at TRANSFORMER/inka@1.0.0/net.mcreator.inka.procedures.SpawnApuIntiProcedure.execute(SpawnApuIntiProcedure.java:88)
	at TRANSFORMER/inka@1.0.0/net.mcreator.inka.procedures.SpawnApuIntiProcedure.onRightClickBlock(SpawnApuIntiProcedure.java:50)
	at TRANSFORMER/inka@1.0.0/net.mcreator.inka.procedures.__SpawnApuIntiProcedure_onRightClickBlock_RightClickBlock.invoke(.dynamic)
	at MC-BOOTSTRAP/net.minecraftforge.eventbus/net.minecraftforge.eventbus.ASMEventHandler.invoke(ASMEventHandler.java:73)
	at MC-BOOTSTRAP/net.minecraftforge.eventbus/net.minecraftforge.eventbus.EventBus.post(EventBus.java:315)
	at MC-BOOTSTRAP/net.minecraftforge.eventbus/net.minecraftforge.eventbus.EventBus.post(EventBus.java:296)
	at TRANSFORMER/forge@47.3.7/net.minecraftforge.common.ForgeHooks.onRightClickBlock(ForgeHooks.java:801)
	at TRANSFORMER/minecraft@1.20.1/net.minecraft.server.level.ServerPlayerGameMode.m_7179_(ServerPlayerGameMode.java:323)
	at TRANSFORMER/minecraft@1.20.1/net.minecraft.server.network.ServerGamePacketListenerImpl.m_6371_(ServerGamePacketListenerImpl.java:1055)
	at TRANSFORMER/minecraft@1.20.1/net.minecraft.network.protocol.game.ServerboundUseItemOnPacket.m_5797_(ServerboundUseItemOnPacket.java:34)
	at TRANSFORMER/minecraft@1.20.1/net.minecraft.network.protocol.game.ServerboundUseItemOnPacket.m_5797_(ServerboundUseItemOnPacket.java:8)
	at TRANSFORMER/minecraft@1.20.1/net.minecraft.network.protocol.PacketUtils.m_263899_(PacketUtils.java:22)
	at TRANSFORMER/minecraft@1.20.1/net.minecraft.server.TickTask.run(TickTask.java:18)
	at TRANSFORMER/minecraft@1.20.1/net.minecraft.util.thread.BlockableEventLoop.m_6367_(BlockableEventLoop.java:156)
	at TRANSFORMER/minecraft@1.20.1/net.minecraft.util.thread.ReentrantBlockableEventLoop.m_6367_(ReentrantBlockableEventLoop.java:23)
	at TRANSFORMER/minecraft@1.20.1/net.minecraft.server.MinecraftServer.m_6367_(MinecraftServer.java:770)
	at TRANSFORMER/minecraft@1.20.1/net.minecraft.server.MinecraftServer.m_6367_(MinecraftServer.java:161)
	at TRANSFORMER/minecraft@1.20.1/net.minecraft.util.thread.BlockableEventLoop.m_7245_(BlockableEventLoop.java:130)
	at TRANSFORMER/minecraft@1.20.1/net.minecraft.server.MinecraftServer.m_129961_(MinecraftServer.java:753)
	at TRANSFORMER/minecraft@1.20.1/net.minecraft.server.MinecraftServer.m_7245_(MinecraftServer.java:747)
	at TRANSFORMER/minecraft@1.20.1/net.minecraft.util.thread.BlockableEventLoop.m_18699_(BlockableEventLoop.java:115)
	at TRANSFORMER/minecraft@1.20.1/net.minecraft.server.MinecraftServer.m_130012_(MinecraftServer.java:732)
	at TRANSFORMER/minecraft@1.20.1/net.minecraft.server.MinecraftServer.m_130011_(MinecraftServer.java:665)
	at TRANSFORMER/minecraft@1.20.1/net.minecraft.server.MinecraftServer.m_206580_(MinecraftServer.java:251)
	at java.base/java.lang.Thread.run(Thread.java:840)

[20Dec2025 18:17:37.978] [Server thread/ERROR] [net.minecraft.network.protocol.PacketUtils/]: Failed to handle packet net.minecraft.network.protocol.game.ServerboundUseItemOnPacket@62a92e68, suppressing error
java.lang.RuntimeException: Attempted to load class net/minecraft/client/Minecraft for invalid dist DEDICATED_SERVER
	at net.minecraftforge.fml.loading.RuntimeDistCleaner.processClassWithFlags(RuntimeDistCleaner.java:57) ~[fmlloader-1.20.1-47.3.7.jar%2369!/:1.0]
	at cpw.mods.modlauncher.LaunchPluginHandler.offerClassNodeToPlugins(LaunchPluginHandler.java:88) ~[modlauncher-10.0.9.jar%2355!/:?]
	at cpw.mods.modlauncher.ClassTransformer.transform(ClassTransformer.java:120) ~[modlauncher-10.0.9.jar%2355!/:?]
	at cpw.mods.modlauncher.TransformingClassLoader.maybeTransformClassBytes(TransformingClassLoader.java:50) ~[modlauncher-10.0.9.jar%2355!/:?]
	at cpw.mods.cl.ModuleClassLoader.readerToClass(ModuleClassLoader.java:113) ~[securejarhandler-2.1.10.jar:?]
	at cpw.mods.cl.ModuleClassLoader.lambda$findClass$15(ModuleClassLoader.java:219) ~[securejarhandler-2.1.10.jar:?]
	at cpw.mods.cl.ModuleClassLoader.loadFromModule(ModuleClassLoader.java:229) ~[securejarhandler-2.1.10.jar:?]
	at cpw.mods.cl.ModuleClassLoader.findClass(ModuleClassLoader.java:219) ~[securejarhandler-2.1.10.jar:?]
	at cpw.mods.cl.ModuleClassLoader.loadClass(ModuleClassLoader.java:135) ~[securejarhandler-2.1.10.jar:?]
	at java.lang.ClassLoader.loadClass(ClassLoader.java:525) ~[?:?]
	at net.mcreator.inka.procedures.SpawnApuIntiProcedure.execute(SpawnApuIntiProcedure.java:88) ~[inka_2.0_1.20.1.jar%23194!/:?]
	at net.mcreator.inka.procedures.SpawnApuIntiProcedure.onRightClickBlock(SpawnApuIntiProcedure.java:50) ~[inka_2.0_1.20.1.jar%23194!/:?]
	at net.mcreator.inka.procedures.__SpawnApuIntiProcedure_onRightClickBlock_RightClickBlock.invoke(.dynamic) ~[inka_2.0_1.20.1.jar%23194!/:?]
	at net.minecraftforge.eventbus.ASMEventHandler.invoke(ASMEventHandler.java:73) ~[eventbus-6.0.5.jar%2352!/:?]
	at net.minecraftforge.eventbus.EventBus.post(EventBus.java:315) ~[eventbus-6.0.5.jar%2352!/:?]
	at net.minecraftforge.eventbus.EventBus.post(EventBus.java:296) ~[eventbus-6.0.5.jar%2352!/:?]
	at net.minecraftforge.common.ForgeHooks.onRightClickBlock(ForgeHooks.java:801) ~[forge-1.20.1-47.3.7-universal.jar%23230!/:?]
	at net.minecraft.server.level.ServerPlayerGameMode.m_7179_(ServerPlayerGameMode.java:323) ~[server-1.20.1-20230612.114412-srg.jar%23225!/:?]
	at net.minecraft.server.network.ServerGamePacketListenerImpl.m_6371_(ServerGamePacketListenerImpl.java:1055) ~[server-1.20.1-20230612.114412-srg.jar%23225!/:?]
	at net.minecraft.network.protocol.game.ServerboundUseItemOnPacket.m_5797_(ServerboundUseItemOnPacket.java:34) ~[server-1.20.1-20230612.114412-srg.jar%23225!/:?]
	at net.minecraft.network.protocol.game.ServerboundUseItemOnPacket.m_5797_(ServerboundUseItemOnPacket.java:8) ~[server-1.20.1-20230612.114412-srg.jar%23225!/:?]
	at net.minecraft.network.protocol.PacketUtils.m_263899_(PacketUtils.java:22) ~[server-1.20.1-20230612.114412-srg.jar%23225!/:?]
	at net.minecraft.server.TickTask.run(TickTask.java:18) ~[server-1.20.1-20230612.114412-srg.jar%23225!/:?]
	at net.minecraft.util.thread.BlockableEventLoop.m_6367_(BlockableEventLoop.java:156) ~[server-1.20.1-20230612.114412-srg.jar%23225!/:?]
	at net.minecraft.util.thread.ReentrantBlockableEventLoop.m_6367_(ReentrantBlockableEventLoop.java:23) ~[server-1.20.1-20230612.114412-srg.jar%23225!/:?]
	at net.minecraft.server.MinecraftServer.m_6367_(MinecraftServer.java:770) ~[server-1.20.1-20230612.114412-srg.jar%23225!/:?]
	at net.minecraft.server.MinecraftServer.m_6367_(MinecraftServer.java:161) ~[server-1.20.1-20230612.114412-srg.jar%23225!/:?]
	at net.minecraft.util.thread.BlockableEventLoop.m_7245_(BlockableEventLoop.java:130) ~[server-1.20.1-20230612.114412-srg.jar%23225!/:?]
	at net.minecraft.server.MinecraftServer.m_129961_(MinecraftServer.java:753) ~[server-1.20.1-20230612.114412-srg.jar%23225!/:?]
	at net.minecraft.server.MinecraftServer.m_7245_(MinecraftServer.java:747) ~[server-1.20.1-20230612.114412-srg.jar%23225!/:?]
	at net.minecraft.util.thread.BlockableEventLoop.m_18699_(BlockableEventLoop.java:115) ~[server-1.20.1-20230612.114412-srg.jar%23225!/:?]
	at net.minecraft.server.MinecraftServer.m_130012_(MinecraftServer.java:732) ~[server-1.20.1-20230612.114412-srg.jar%23225!/:?]
	at net.minecraft.server.MinecraftServer.m_130011_(MinecraftServer.java:665) ~[server-1.20.1-20230612.114412-srg.jar%23225!/:?]
	at net.minecraft.server.MinecraftServer.m_206580_(MinecraftServer.java:251) ~[server-1.20.1-20230612.114412-srg.jar%23225!/:?]
	at java.lang.Thread.run(Thread.java:840) ~[?:?]
[20Dec2025 18:17:42.362] [Server thread/WARN] [net.minecraft.server.MinecraftServer/]: Can't keep up! Is the server overloaded? Running 2047ms or 40 ticks behind
[20Dec2025 18:18:04.357] [Server thread/WARN] [net.minecraft.server.MinecraftServer/]: Can't keep up! Is the server overloaded? Running 7042ms or 140 ticks behind
[20Dec2025 18:18:35.596] [VoiceChatPacketProcessingThread/INFO] [voicechat/]: [voicechat] Player 19202c85-9d4b-3427-b74b-e43523119222 timed out
[20Dec2025 18:18:37.456] [VoiceChatPacketProcessingThread/INFO] [voicechat/]: [voicechat] Reconnecting player Topy_16
[20Dec2025 18:18:37.457] [VoiceChatPacketProcessingThread/INFO] [voicechat/]: [voicechat] Sent secret to Topy_16
[20Dec2025 18:18:37.458] [VoiceChatPacketProcessingThread/WARN] [voicechat/]: [voicechat] Dropping voice chat packets! Your Server might be overloaded!
[20Dec2025 18:18:37.458] [VoiceChatPacketProcessingThread/WARN] [voicechat/]: [voicechat] Packet queue has 125 packets
[20Dec2025 18:18:37.549] [Server thread/INFO] [net.minecraft.server.network.ServerGamePacketListenerImpl/]: Topy_16 lost connection: Disconnected
[20Dec2025 18:18:37.549] [Server thread/INFO] [net.minecraft.server.MinecraftServer/]: Topy_16 left the game
[20Dec2025 18:18:37.550] [Server thread/INFO] [voicechat/]: [voicechat] Disconnecting client Topy_16
[20Dec2025 18:18:37.601] [Server thread/WARN] [net.minecraft.server.network.ServerGamePacketListenerImpl/]: MigueLC1110 moved too quickly! -2.9968636184117727,2.8583148272754784,-9.259753443494503
[20Dec2025 18:18:37.616] [Server thread/WARN] [net.minecraft.server.network.ServerGamePacketListenerImpl/]: D3M0N moved too quickly! -1.6086973126941402,5.833890739061786,-8.034507829381255
[20Dec2025 18:18:37.734] [Netty Epoll Server IO #6/INFO] [Calio/]: Received acknowledgment for login packet with id 0
[20Dec2025 18:18:37.792] [Server thread/INFO] [net.minecraft.server.MinecraftServer/]: [Maufer772: Set own game mode to Spectator Mode]
[20Dec2025 18:18:37.850] [Netty Epoll Server IO #6/INFO] [Calio/]: Received acknowledgment for login packet with id 1
[20Dec2025 18:18:37.930] [Netty Epoll Server IO #6/INFO] [Calio/]: Received acknowledgment for login packet with id 2
[20Dec2025 18:18:38.024] [Netty Epoll Server IO #6/INFO] [Calio/]: Received acknowledgment for login packet with id 3
[20Dec2025 18:18:38.073] [Netty Epoll Server IO #6/INFO] [Calio/]: Received acknowledgment for login packet with id 4
[20Dec2025 18:18:38.108] [Netty Epoll Server IO #6/INFO] [Calio/]: Received acknowledgment for login packet with id 5
[20Dec2025 18:18:38.146] [Netty Epoll Server IO #6/INFO] [Calio/]: Received acknowledgment for login packet with id 6
[20Dec2025 18:18:38.210] [Netty Epoll Server IO #6/INFO] [Calio/]: Received acknowledgment for login packet with id 7
[20Dec2025 18:18:38.284] [Netty Epoll Server IO #6/INFO] [Calio/]: Received acknowledgment for login packet with id 8
[20Dec2025 18:18:38.333] [Netty Epoll Server IO #6/INFO] [Calio/]: Received acknowledgment for login packet with id 9
[20Dec2025 18:18:38.393] [Netty Epoll Server IO #6/INFO] [Calio/]: Received acknowledgment for login packet with id 10
[20Dec2025 18:18:38.448] [Netty Epoll Server IO #6/INFO] [Calio/]: Received acknowledgment for login packet with id 11
[20Dec2025 18:18:38.991] [Netty Epoll Server IO #6/INFO] [Calio/]: Received acknowledgment for login packet with id 12
[20Dec2025 18:18:38.991] [Netty Epoll Server IO #6/INFO] [Calio/]: Received acknowledgment for login packet with id 13
[20Dec2025 18:18:38.991] [Netty Epoll Server IO #6/INFO] [Calio/]: Received acknowledgment for login packet with id 14
[20Dec2025 18:18:39.151] [Netty Epoll Server IO #6/INFO] [Calio/]: Received acknowledgment for login packet with id 15
[20Dec2025 18:18:41.591] [Server thread/INFO] [net.minecraft.server.players.PlayerList/]: Topy_16[/127.233.93.135:49219] logged in with entity id 50881 at (-3223.376599194481, 65.0, -627.0625216667183)
[20Dec2025 18:18:41.606] [Server thread/INFO] [net.minecraft.server.MinecraftServer/]: Topy_16 joined the game
[20Dec2025 18:18:41.667] [Server thread/INFO] [Jade/]: Syncing config to Topy_16 (19202c85-9d4b-3427-b74b-e43523119222)
[20Dec2025 18:18:41.816] [Server thread/INFO] [voicechat/]: [voicechat] Received secret request of Topy_16 (18)
[20Dec2025 18:18:41.817] [Server thread/INFO] [voicechat/]: [voicechat] Sent secret to Topy_16
[20Dec2025 18:18:42.879] [VoiceChatPacketProcessingThread/INFO] [voicechat/]: [voicechat] Successfully authenticated player 19202c85-9d4b-3427-b74b-e43523119222
[20Dec2025 18:18:43.874] [VoiceChatPacketProcessingThread/INFO] [voicechat/]: [voicechat] Successfully validated connection of player 19202c85-9d4b-3427-b74b-e43523119222
[20Dec2025 18:18:43.874] [VoiceChatPacketProcessingThread/INFO] [voicechat/]: [voicechat] Player Topy_16 (19202c85-9d4b-3427-b74b-e43523119222) successfully connected to voice chat
[20Dec2025 18:18:50.904] [Server thread/WARN] [net.minecraft.server.MinecraftServer/]: Can't keep up! Is the server overloaded? Running 31589ms or 631 ticks behind
[20Dec2025 18:18:52.856] [Server thread/INFO] [net.minecraft.server.MinecraftServer/]: [Maufer772: Set own game mode to Survival Mode]
[20Dec2025 18:19:00.783] [Server thread/INFO] [net.minecraft.server.MinecraftServer/]: [Not Secure] <Maufer772> adios gente
[20Dec2025 18:19:06.889] [Server thread/ERROR] [net.minecraftforge.fml.loading.RuntimeDistCleaner/DISTXFORM]: Attempted to load class net/minecraft/client/Minecraft for invalid dist DEDICATED_SERVER
[20Dec2025 18:19:06.889] [Server thread/ERROR] [net.minecraftforge.eventbus.EventBus/EVENTBUS]: Exception caught during firing event: Attempted to load class net/minecraft/client/Minecraft for invalid dist DEDICATED_SERVER
	Index: 12
	Listeners:
		0: HIGHEST
		1: ASM: class io.github.edwinmindcraft.apoli.common.ApoliPowerEventHandler preventBlockInteraction(Lnet/minecraftforge/event/entity/player/PlayerInteractEvent$RightClickBlock;)V
		2: ASM: class net.geforcemods.securitycraft.SCEventHandler highestPriorityOnRightClickBlock(Lnet/minecraftforge/event/entity/player/PlayerInteractEvent$RightClickBlock;)V
		3: HIGH
		4: ASM: class dev.architectury.event.forge.EventHandlerImplCommon eventPlayerInteractEvent(Lnet/minecraftforge/event/entity/player/PlayerInteractEvent$RightClickBlock;)V
		5: NORMAL
		6: ASM: com.bobmowzie.mowziesmobs.server.ServerEventHandler@1bf7bb08 onPlayerInteract(Lnet/minecraftforge/event/entity/player/PlayerInteractEvent$RightClickBlock;)V
		7: ASM: com.bobmowzie.mowziesmobs.server.ability.AbilityCommonEventHandler@1ecb647b onPlayerRightClickBlock(Lnet/minecraftforge/event/entity/player/PlayerInteractEvent$RightClickBlock;)V
		8: ASM: com.github.alexthe666.citadel.server.CitadelEvents@6850dacf onRightClickBlock(Lnet/minecraftforge/event/entity/player/PlayerInteractEvent$RightClickBlock;)V
		9: ASM: com.github.alexthe666.alexsmobs.event.ServerEvents@5049068f onUseItemOnBlock(Lnet/minecraftforge/event/entity/player/PlayerInteractEvent$RightClickBlock;)V
		10: ASM: class glitchcore.forge.handlers.InteractionEventHandler onRightClickBlock(Lnet/minecraftforge/event/entity/player/PlayerInteractEvent$RightClickBlock;)V
		11: ASM: class it.hurts.sskirillss.relics.items.relics.hands.WoolMittenItem$Events onBlockClick(Lnet/minecraftforge/event/entity/player/PlayerInteractEvent$RightClickBlock;)V
		12: ASM: class net.mcreator.inka.procedures.SpawnApuIntiProcedure onRightClickBlock(Lnet/minecraftforge/event/entity/player/PlayerInteractEvent$RightClickBlock;)V
		13: ASM: class net.mcreator.inka.procedures.BlockRightClickProcedure onRightClickBlock(Lnet/minecraftforge/event/entity/player/PlayerInteractEvent$RightClickBlock;)V
		14: ASM: class net.kurolib.procedures.SleepCancelRightClickBlockProcedure onRightClickBlock(Lnet/minecraftforge/event/entity/player/PlayerInteractEvent$RightClickBlock;)V
		15: ASM: class net.kurolib.procedures.InsomniaCancelSleepProcedure onRightClickBlock(Lnet/minecraftforge/event/entity/player/PlayerInteractEvent$RightClickBlock;)V
		16: ASM: class vectorwing.farmersdelight.common.item.KnifeItem$KnifeEvents onCakeInteraction(Lnet/minecraftforge/event/entity/player/PlayerInteractEvent$RightClickBlock;)V
		17: ASM: class vectorwing.farmersdelight.common.block.CuttingBoardBlock$ToolCarvingEvent onSneakPlaceTool(Lnet/minecraftforge/event/entity/player/PlayerInteractEvent$RightClickBlock;)V
		18: ASM: com.github.L_Ender.cataclysm.event.ServerEventHandler@6f5b95ed onPlayerInteract(Lnet/minecraftforge/event/entity/player/PlayerInteractEvent$RightClickBlock;)V
		19: net.minecraftforge.eventbus.EventBus$$Lambda$1493/0x0000774594665380@335e3f9c
		20: ASM: class net.geforcemods.securitycraft.SCEventHandler onRightClickBlock(Lnet/minecraftforge/event/entity/player/PlayerInteractEvent$RightClickBlock;)V
		21: ASM: class it.hurts.octostudios.rarcompat.items.necklace.ScarfOfInvisibilityItem$ScarfOfInvisibilityEvent onRightClickBlock(Lnet/minecraftforge/event/entity/player/PlayerInteractEvent$RightClickBlock;)V
		22: ASM: class net.mcreator.boh.procedures.XenomorphBloodBlockAddedProcedure onRightClickBlock(Lnet/minecraftforge/event/entity/player/PlayerInteractEvent$RightClickBlock;)V
		23: ASM: class net.mcreator.boh.procedures.StripBOHWoodProcedure onRightClickBlock(Lnet/minecraftforge/event/entity/player/PlayerInteractEvent$RightClickBlock;)V
		24: ASM: class net.mcreator.boh.procedures.PickupBucketBloodProcedure onRightClickBlock(Lnet/minecraftforge/event/entity/player/PlayerInteractEvent$RightClickBlock;)V
		25: net.minecraftforge.eventbus.EventBus$$Lambda$1493/0x0000774594665380@80b4e2
		26: net.minecraftforge.eventbus.EventBus$$Lambda$1493/0x0000774594665380@14a19a4c
		27: net.minecraftforge.eventbus.EventBus$$Lambda$1493/0x0000774594665380@b1d274b
		28: net.minecraftforge.eventbus.EventBus$$Lambda$1493/0x0000774594665380@497d4b6b
		29: net.minecraftforge.eventbus.EventBus$$Lambda$1493/0x0000774594665380@4cdfc102
		30: net.minecraftforge.eventbus.EventBus$$Lambda$1493/0x0000774594665380@54b4512f
		31: net.minecraftforge.eventbus.EventBus$$Lambda$1493/0x0000774594665380@36f1138d
		32: net.minecraftforge.eventbus.EventBus$$Lambda$1493/0x0000774594665380@1574302b
		33: ASM: de.maxhenkel.camera.ServerEvents@27b892e7 onRightClick(Lnet/minecraftforge/event/entity/player/PlayerInteractEvent$RightClickBlock;)V
		34: LOW
		35: ASM: class io.github.edwinmindcraft.apoli.common.ApoliPowerEventHandler playerBlockInteraction(Lnet/minecraftforge/event/entity/player/PlayerInteractEvent$RightClickBlock;)V
		36: LOWEST
		37: net.minecraftforge.eventbus.EventBus$$Lambda$1493/0x0000774594665380@27913456
java.lang.RuntimeException: Attempted to load class net/minecraft/client/Minecraft for invalid dist DEDICATED_SERVER
	at MC-BOOTSTRAP/fmlloader@1.20.1-47.3.7/net.minecraftforge.fml.loading.RuntimeDistCleaner.processClassWithFlags(RuntimeDistCleaner.java:57)
	at MC-BOOTSTRAP/cpw.mods.modlauncher@10.0.9/cpw.mods.modlauncher.LaunchPluginHandler.offerClassNodeToPlugins(LaunchPluginHandler.java:88)
	at MC-BOOTSTRAP/cpw.mods.modlauncher@10.0.9/cpw.mods.modlauncher.ClassTransformer.transform(ClassTransformer.java:120)
	at MC-BOOTSTRAP/cpw.mods.modlauncher@10.0.9/cpw.mods.modlauncher.TransformingClassLoader.maybeTransformClassBytes(TransformingClassLoader.java:50)
	at cpw.mods.securejarhandler/cpw.mods.cl.ModuleClassLoader.readerToClass(ModuleClassLoader.java:113)
	at cpw.mods.securejarhandler/cpw.mods.cl.ModuleClassLoader.lambda$findClass$15(ModuleClassLoader.java:219)
	at cpw.mods.securejarhandler/cpw.mods.cl.ModuleClassLoader.loadFromModule(ModuleClassLoader.java:229)
	at cpw.mods.securejarhandler/cpw.mods.cl.ModuleClassLoader.findClass(ModuleClassLoader.java:219)
	at cpw.mods.securejarhandler/cpw.mods.cl.ModuleClassLoader.loadClass(ModuleClassLoader.java:135)
	at java.base/java.lang.ClassLoader.loadClass(ClassLoader.java:525)
	at TRANSFORMER/inka@1.0.0/net.mcreator.inka.procedures.SpawnApuIntiProcedure.execute(SpawnApuIntiProcedure.java:88)
	at TRANSFORMER/inka@1.0.0/net.mcreator.inka.procedures.SpawnApuIntiProcedure.onRightClickBlock(SpawnApuIntiProcedure.java:50)
	at TRANSFORMER/inka@1.0.0/net.mcreator.inka.procedures.__SpawnApuIntiProcedure_onRightClickBlock_RightClickBlock.invoke(.dynamic)
	at MC-BOOTSTRAP/net.minecraftforge.eventbus/net.minecraftforge.eventbus.ASMEventHandler.invoke(ASMEventHandler.java:73)
	at MC-BOOTSTRAP/net.minecraftforge.eventbus/net.minecraftforge.eventbus.EventBus.post(EventBus.java:315)
	at MC-BOOTSTRAP/net.minecraftforge.eventbus/net.minecraftforge.eventbus.EventBus.post(EventBus.java:296)
	at TRANSFORMER/forge@47.3.7/net.minecraftforge.common.ForgeHooks.onRightClickBlock(ForgeHooks.java:801)
	at TRANSFORMER/minecraft@1.20.1/net.minecraft.server.level.ServerPlayerGameMode.m_7179_(ServerPlayerGameMode.java:323)
	at TRANSFORMER/minecraft@1.20.1/net.minecraft.server.network.ServerGamePacketListenerImpl.m_6371_(ServerGamePacketListenerImpl.java:1055)
	at TRANSFORMER/minecraft@1.20.1/net.minecraft.network.protocol.game.ServerboundUseItemOnPacket.m_5797_(ServerboundUseItemOnPacket.java:34)
	at TRANSFORMER/minecraft@1.20.1/net.minecraft.network.protocol.game.ServerboundUseItemOnPacket.m_5797_(ServerboundUseItemOnPacket.java:8)
	at TRANSFORMER/minecraft@1.20.1/net.minecraft.network.protocol.PacketUtils.m_263899_(PacketUtils.java:22)
	at TRANSFORMER/minecraft@1.20.1/net.minecraft.server.TickTask.run(TickTask.java:18)
	at TRANSFORMER/minecraft@1.20.1/net.minecraft.util.thread.BlockableEventLoop.m_6367_(BlockableEventLoop.java:156)
	at TRANSFORMER/minecraft@1.20.1/net.minecraft.util.thread.ReentrantBlockableEventLoop.m_6367_(ReentrantBlockableEventLoop.java:23)
	at TRANSFORMER/minecraft@1.20.1/net.minecraft.server.MinecraftServer.m_6367_(MinecraftServer.java:770)
	at TRANSFORMER/minecraft@1.20.1/net.minecraft.server.MinecraftServer.m_6367_(MinecraftServer.java:161)
	at TRANSFORMER/minecraft@1.20.1/net.minecraft.util.thread.BlockableEventLoop.m_7245_(BlockableEventLoop.java:130)
	at TRANSFORMER/minecraft@1.20.1/net.minecraft.server.MinecraftServer.m_129961_(MinecraftServer.java:753)
	at TRANSFORMER/minecraft@1.20.1/net.minecraft.server.MinecraftServer.m_7245_(MinecraftServer.java:747)
	at TRANSFORMER/minecraft@1.20.1/net.minecraft.util.thread.BlockableEventLoop.m_18699_(BlockableEventLoop.java:115)
	at TRANSFORMER/minecraft@1.20.1/net.minecraft.server.MinecraftServer.m_130012_(MinecraftServer.java:732)
	at TRANSFORMER/minecraft@1.20.1/net.minecraft.server.MinecraftServer.m_130011_(MinecraftServer.java:665)
	at TRANSFORMER/minecraft@1.20.1/net.minecraft.server.MinecraftServer.m_206580_(MinecraftServer.java:251)
	at java.base/java.lang.Thread.run(Thread.java:840)

[20Dec2025 18:19:06.890] [Server thread/ERROR] [net.minecraft.network.protocol.PacketUtils/]: Failed to handle packet net.minecraft.network.protocol.game.ServerboundUseItemOnPacket@61e749af, suppressing error
java.lang.RuntimeException: Attempted to load class net/minecraft/client/Minecraft for invalid dist DEDICATED_SERVER
	at net.minecraftforge.fml.loading.RuntimeDistCleaner.processClassWithFlags(RuntimeDistCleaner.java:57) ~[fmlloader-1.20.1-47.3.7.jar%2369!/:1.0]
	at cpw.mods.modlauncher.LaunchPluginHandler.offerClassNodeToPlugins(LaunchPluginHandler.java:88) ~[modlauncher-10.0.9.jar%2355!/:?]
	at cpw.mods.modlauncher.ClassTransformer.transform(ClassTransformer.java:120) ~[modlauncher-10.0.9.jar%2355!/:?]
	at cpw.mods.modlauncher.TransformingClassLoader.maybeTransformClassBytes(TransformingClassLoader.java:50) ~[modlauncher-10.0.9.jar%2355!/:?]
	at cpw.mods.cl.ModuleClassLoader.readerToClass(ModuleClassLoader.java:113) ~[securejarhandler-2.1.10.jar:?]
	at cpw.mods.cl.ModuleClassLoader.lambda$findClass$15(ModuleClassLoader.java:219) ~[securejarhandler-2.1.10.jar:?]
	at cpw.mods.cl.ModuleClassLoader.loadFromModule(ModuleClassLoader.java:229) ~[securejarhandler-2.1.10.jar:?]
	at cpw.mods.cl.ModuleClassLoader.findClass(ModuleClassLoader.java:219) ~[securejarhandler-2.1.10.jar:?]
	at cpw.mods.cl.ModuleClassLoader.loadClass(ModuleClassLoader.java:135) ~[securejarhandler-2.1.10.jar:?]
	at java.lang.ClassLoader.loadClass(ClassLoader.java:525) ~[?:?]
	at net.mcreator.inka.procedures.SpawnApuIntiProcedure.execute(SpawnApuIntiProcedure.java:88) ~[inka_2.0_1.20.1.jar%23194!/:?]
	at net.mcreator.inka.procedures.SpawnApuIntiProcedure.onRightClickBlock(SpawnApuIntiProcedure.java:50) ~[inka_2.0_1.20.1.jar%23194!/:?]
	at net.mcreator.inka.procedures.__SpawnApuIntiProcedure_onRightClickBlock_RightClickBlock.invoke(.dynamic) ~[inka_2.0_1.20.1.jar%23194!/:?]
	at net.minecraftforge.eventbus.ASMEventHandler.invoke(ASMEventHandler.java:73) ~[eventbus-6.0.5.jar%2352!/:?]
	at net.minecraftforge.eventbus.EventBus.post(EventBus.java:315) ~[eventbus-6.0.5.jar%2352!/:?]
	at net.minecraftforge.eventbus.EventBus.post(EventBus.java:296) ~[eventbus-6.0.5.jar%2352!/:?]
	at net.minecraftforge.common.ForgeHooks.onRightClickBlock(ForgeHooks.java:801) ~[forge-1.20.1-47.3.7-universal.jar%23230!/:?]
	at net.minecraft.server.level.ServerPlayerGameMode.m_7179_(ServerPlayerGameMode.java:323) ~[server-1.20.1-20230612.114412-srg.jar%23225!/:?]
	at net.minecraft.server.network.ServerGamePacketListenerImpl.m_6371_(ServerGamePacketListenerImpl.java:1055) ~[server-1.20.1-20230612.114412-srg.jar%23225!/:?]
	at net.minecraft.network.protocol.game.ServerboundUseItemOnPacket.m_5797_(ServerboundUseItemOnPacket.java:34) ~[server-1.20.1-20230612.114412-srg.jar%23225!/:?]
	at net.minecraft.network.protocol.game.ServerboundUseItemOnPacket.m_5797_(ServerboundUseItemOnPacket.java:8) ~[server-1.20.1-20230612.114412-srg.jar%23225!/:?]
	at net.minecraft.network.protocol.PacketUtils.m_263899_(PacketUtils.java:22) ~[server-1.20.1-20230612.114412-srg.jar%23225!/:?]
	at net.minecraft.server.TickTask.run(TickTask.java:18) ~[server-1.20.1-20230612.114412-srg.jar%23225!/:?]
	at net.minecraft.util.thread.BlockableEventLoop.m_6367_(BlockableEventLoop.java:156) ~[server-1.20.1-20230612.114412-srg.jar%23225!/:?]
	at net.minecraft.util.thread.ReentrantBlockableEventLoop.m_6367_(ReentrantBlockableEventLoop.java:23) ~[server-1.20.1-20230612.114412-srg.jar%23225!/:?]
	at net.minecraft.server.MinecraftServer.m_6367_(MinecraftServer.java:770) ~[server-1.20.1-20230612.114412-srg.jar%23225!/:?]
	at net.minecraft.server.MinecraftServer.m_6367_(MinecraftServer.java:161) ~[server-1.20.1-20230612.114412-srg.jar%23225!/:?]
	at net.minecraft.util.thread.BlockableEventLoop.m_7245_(BlockableEventLoop.java:130) ~[server-1.20.1-20230612.114412-srg.jar%23225!/:?]
	at net.minecraft.server.MinecraftServer.m_129961_(MinecraftServer.java:753) ~[server-1.20.1-20230612.114412-srg.jar%23225!/:?]
	at net.minecraft.server.MinecraftServer.m_7245_(MinecraftServer.java:747) ~[server-1.20.1-20230612.114412-srg.jar%23225!/:?]
	at net.minecraft.util.thread.BlockableEventLoop.m_18699_(BlockableEventLoop.java:115) ~[server-1.20.1-20230612.114412-srg.jar%23225!/:?]
	at net.minecraft.server.MinecraftServer.m_130012_(MinecraftServer.java:732) ~[server-1.20.1-20230612.114412-srg.jar%23225!/:?]
	at net.minecraft.server.MinecraftServer.m_130011_(MinecraftServer.java:665) ~[server-1.20.1-20230612.114412-srg.jar%23225!/:?]
	at net.minecraft.server.MinecraftServer.m_206580_(MinecraftServer.java:251) ~[server-1.20.1-20230612.114412-srg.jar%23225!/:?]
	at java.lang.Thread.run(Thread.java:840) ~[?:?]
[20Dec2025 18:19:40.722] [Server thread/INFO] [net.minecraft.server.MinecraftServer/]: [Maufer772: Set own game mode to Creative Mode]
[20Dec2025 18:20:01.343] [Server thread/WARN] [net.minecraft.world.scores.Scoreboard/]: Requested creation of existing team 'Bandits'
[20Dec2025 18:20:01.454] [Server thread/INFO] [net.minecraft.server.MinecraftServer/]: [Maufer772: Set own game mode to Survival Mode]
[20Dec2025 18:20:15.296] [Server thread/INFO] [net.minecraft.server.network.ServerGamePacketListenerImpl/]: Topy_16 lost connection: Disconnected
[20Dec2025 18:20:15.296] [Server thread/INFO] [net.minecraft.server.MinecraftServer/]: Topy_16 left the game
[20Dec2025 18:20:15.296] [Server thread/INFO] [voicechat/]: [voicechat] Disconnecting client Topy_16
[20Dec2025 18:20:52.344] [Server thread/INFO] [net.minecraft.server.network.ServerGamePacketListenerImpl/]: Pancito_10 lost connection: Disconnected
[20Dec2025 18:20:52.345] [Server thread/INFO] [net.minecraft.server.MinecraftServer/]: Pancito_10 left the game
[20Dec2025 18:20:52.345] [Server thread/INFO] [voicechat/]: [voicechat] Disconnecting client Pancito_10
[20Dec2025 18:21:25.938] [Server thread/INFO] [net.minecraft.server.MinecraftServer/]: Maufer772 was slain by Viraicocha
[20Dec2025 18:21:43.157] [Server thread/INFO] [net.minecraft.server.MinecraftServer/]: Maufer772 was slain by Viraicocha
[20Dec2025 18:21:47.794] [Server thread/INFO] [net.minecraft.server.MinecraftServer/]: [Maufer772: Set own game mode to Creative Mode]
[20Dec2025 18:22:09.213] [Server thread/WARN] [net.minecraft.server.network.ServerGamePacketListenerImpl/]: D3M0N moved too quickly! -6.677021722084476,-3.0784000015258783,-7.225595481821756
[20Dec2025 18:22:23.498] [Server thread/INFO] [net.minecraft.server.MinecraftServer/]: [Maufer772: Set own game mode to Survival Mode]
[20Dec2025 18:22:26.256] [Server thread/INFO] [net.minecraft.server.MinecraftServer/]: [Maufer772: Set own game mode to Creative Mode]
[20Dec2025 18:22:33.507] [Server thread/INFO] [net.minecraft.server.MinecraftServer/]: [Maufer772: Set own game mode to Survival Mode]
[20Dec2025 18:22:36.197] [Server thread/INFO] [net.minecraft.server.MinecraftServer/]: [Maufer772: Set own game mode to Creative Mode]
[20Dec2025 18:22:38.593] [Server thread/INFO] [net.minecraft.server.network.ServerGamePacketListenerImpl/]: Maufer772 lost connection: Disconnected
[20Dec2025 18:22:38.593] [Server thread/INFO] [net.minecraft.server.MinecraftServer/]: Maufer772 left the game
[20Dec2025 18:22:38.593] [Server thread/INFO] [voicechat/]: [voicechat] Disconnecting client Maufer772
[20Dec2025 18:23:19.001] [Server thread/WARN] [net.minecraft.server.network.ServerGamePacketListenerImpl/]: D3M0N moved wrongly!
[20Dec2025 18:27:37.094] [Server thread/WARN] [net.minecraft.world.scores.Scoreboard/]: Requested creation of existing team 'Bandits'
